Featured,Redaction,Release Date,Title,Type,Video Pairing,PDF Pairing,Description Blurb,DVIDS Video ID,Video Title,Agency,Incident Date,Incident Location,PDF | Image Link,Modal Image,Image Alt Text,Image VIRIN,
YES,,9/18/26,"DOW-UAP-D102, Project Blue Book File on Tremonton Film, Utah, 1952",PDF,DOW-UAP-PR159,DOW-UAP-D098 | DOW-UAP-D103 | DOW-UAP-D104 | DOW-UAP-D105,"This document records the Project Blue Book investigation and subsequent assessments of an incident near Tremonton, Utah, on July 2, 1952. Project Blue Book was a 1952-1969 U.S. Air Force program to investigate the nature and origin of unidentified flying objects (UFOs). The file describes the Air Force’s assessment of the principal witness, Delbert C. Newhouse, a U.S. Navy Warrant Officer specializing in photography, as honest and reliable, and as an expert with more than 1,000 hours of aerial-photography experience. Newhouse reported observing 12 to 14 reflective objects and recorded the event on color motion-picture film using a handheld Bell & Howell Auto Master camera.

The file reflects an evolving Air Force assessment of the imagery over several years. Early documentation considered several possible explanations, including sunlight reflecting from birds or balloons, and a mirage effect, and did not identify the objects conclusively. Later assessments became more confident that the objects were seabirds reflecting sunlight, citing identifiable seabirds and similar films showing seabirds as bright points of light under comparable conditions. However, the film’s limited detail and lack of fixed reference points prevented reliable determination of the objects’ distance, size, altitude, or linear speed from the film alone.

AARO Comment: The file contains conflicting references to the film format. Several documents describe a 35mm film, while contemporaneous submission documentation identifies the original as a 50-foot roll of processed 16mm Kodachrome color motion-picture film recorded with a handheld Bell & Howell Auto Master camera. Newhouse reported exposing approximately 30 feet of the roll during the incident and using the remaining film later that day to record unrelated mountain scenery in Idaho. Other records show that 35mm positive and negative duplicate blowups were produced from the original 16mm material. The file also indicates that the original film was duplicated for preservation, citing its deteriorating condition. The footage retained by the National Archives and Records Administration and presented in this collection as DOW-UAP-PR159 is a digitization of a 16mm print.",,,Department of War,7/2/52,"Tremonton, Utah",https://www.war.gov/medialink/ufo/sept-18/release-06/assets/DOW-UAP-D102_Project-Blue-Book-File-on-Tremonton-Film-Utah-1952.pdf,https://www.war.gov/medialink/ufo/sept-18/release-06/thumbs/DOW-UAP-D102_Project-Blue-Book-File-on-Tremonton-Film-Utah-1952.jpg,A typed document with handwritten notes and dates about the Tremonton film.,260918-D-D0360-1091,
YES,TRUE,9/18/26,"DOW-UAP-D110, AAWSAP Statement of Objectives, July 2008",PDF,,DOW-UAP-D111 | DOW-UAP-D112 | DOW-UAP-D113 | DOW-UAP-D114 | DOW-UAP-D115 | DOW-UAP-D116 | DOW-UAP-D117 | DOW-UAP-D118 | DOW-UAP-D119 | DOW-UAP-D120 | DOW-UAP-D121 | DOW-UAP-D122 | DOW-UAP-D123 | DOW-UAP-D124 | DOW-UAP-D125 | DOW-UAP-D126 | DOW-UAP-D127 | DOW-UAP-D128 | DOW-UAP-D129 | DOW-UAP-D130 | DOW-UAP-D131 | DOW-UAP-D132 | DOW-UAP-D133 | DOW-UAP-D134 | DOW-UAP-D135 | DOW-UAP-D136 | DOW-UAP-D137 | DOW-UAP-D138 | DOW-UAP-D139 | DOW-UAP-D140 | DOW-UAP-D141 | DOW-UAP-D142 | DOW-UAP-D143 | DOW-UAP-D144 | DOW-UAP-D145 | DOW-UAP-D146 | DOW-UAP-D147 | DOW-UAP-D148 | DOW-UAP-D149 | DOW-UAP-D150 | DOW-UAP-D151 | DOW-UAP-D152 | DOW-UAP-D153,"This document is an administrative or programmatic record related to the Advanced Aerospace Weapon System Applications Program (AAWSAP), a Defense Intelligence Agency (DIA)-administered program active from 2008 to 2012. AAWSAP’s official scope of work identified 12 technical research areas relating to potential aerospace threats over a time horizon of more than 40 years. As an administrative record, the file documents how AAWSAP was scoped, organized, tasked, funded, or described at a particular point in time.

This July 2008 Statement of Objectives defines AAWSAP as a contractor-supported research effort intended to assess far-term foreign aerospace threats by understanding the physics and engineering of possible breakthrough technologies out to the year 2050 rather than extrapolating from then-current aerospace trends. It identifies 12 technical study areas, including lift, propulsion, control, power generation, spatial or temporal translation, materials, configuration and structure, signature reduction, human interface, human effects, armament, and related supporting topics. The document also sets out the program’s expected work structure, requiring monthly status reports, technical-area program management plans within 60 days, comprehensive research reports and briefings by the tenth month, and a final integrated threat assessment.",,,Department of War,7/18/08,"Washington, D.C.",https://www.war.gov/medialink/ufo/sept-18/release-06/assets/DOW-UAP-D110_AAWSAP-Statement-of-Objectives-July-18-2008.pdf,https://www.war.gov/medialink/ufo/sept-18/release-06/thumbs/DOW-UAP-D110_AAWSAP-Statement-of-Objectives-July-18-2008.jpg,Document listing goals and study areas for an advanced aerospace program.,260918-D-D0360-1099,
YES,TRUE,9/18/26,"DOW-UAP-D111, AAWSAP Solicitation and Original Order, September 2008",PDF,,DOW-UAP-D110 | DOW-UAP-D112 | DOW-UAP-D113 | DOW-UAP-D114 | DOW-UAP-D115 | DOW-UAP-D116 | DOW-UAP-D117 | DOW-UAP-D118 | DOW-UAP-D119 | DOW-UAP-D120 | DOW-UAP-D121 | DOW-UAP-D122 | DOW-UAP-D123 | DOW-UAP-D124 | DOW-UAP-D125 | DOW-UAP-D126 | DOW-UAP-D127 | DOW-UAP-D128 | DOW-UAP-D129 | DOW-UAP-D130 | DOW-UAP-D131 | DOW-UAP-D132 | DOW-UAP-D133 | DOW-UAP-D134 | DOW-UAP-D135 | DOW-UAP-D136 | DOW-UAP-D137 | DOW-UAP-D138 | DOW-UAP-D139 | DOW-UAP-D140 | DOW-UAP-D141 | DOW-UAP-D142 | DOW-UAP-D143 | DOW-UAP-D144 | DOW-UAP-D145 | DOW-UAP-D146 | DOW-UAP-D147 | DOW-UAP-D148 | DOW-UAP-D149 | DOW-UAP-D150 | DOW-UAP-D151 | DOW-UAP-D152 | DOW-UAP-D153,"This document is an administrative or programmatic record related to the Advanced Aerospace Weapon System Applications Program (AAWSAP), a Defense Intelligence Agency (DIA)-administered program active from 2008 to 2012. AAWSAP’s official scope of work identified 12 technical research areas relating to potential aerospace threats over a time horizon of more than 40 years. As an administrative record, the file documents how AAWSAP was scoped, organized, tasked, funded, or described at a particular point in time.

This September 2008 solicitation/contract/order document serves as the original contract award instrument for AAWSAP work performed by Bigelow Aerospace Advanced Space Studies, Inc. (BAASS), incorporating the contractor’s proposal by reference and translating the earlier Statement of Objectives (DOW-UAP-D110) into priced contract line items. The file breaks the base year into specific deliverable categories, including monthly status reports, program management plans for the 12 technical areas, research reports, a comprehensive integrated threat assessment, travel, and other direct costs, and corresponding option-year line items for follow-on performance.",,,Department of War,9/22/08,"Washington, D.C.",https://www.war.gov/medialink/ufo/sept-18/release-06/assets/DOW-UAP-D111_AAWSAP-Solicitation-and-Original-Order-September-22-2008.pdf,https://www.war.gov/medialink/ufo/sept-18/release-06/thumbs/DOW-UAP-D111_AAWSAP-Solicitation-and-Original-Order-September-22-2008.jpg,Government contract form for goods or services.,260918-D-D0360-1100,
YES,TRUE,9/18/26,"DOW-UAP-D117, AAWSAP DIRD, Metallic Glasses for Aerospace Applications, December 2009",PDF,,DOW-UAP-D110 | DOW-UAP-D111 | DOW-UAP-D112 | DOW-UAP-D113 | DOW-UAP-D114 | DOW-UAP-D115 | DOW-UAP-D116 |  DOW-UAP-D118 | DOW-UAP-D119 | DOW-UAP-D120 | DOW-UAP-D121 | DOW-UAP-D122 | DOW-UAP-D123 | DOW-UAP-D124 | DOW-UAP-D125 | DOW-UAP-D126 | DOW-UAP-D127 | DOW-UAP-D128 | DOW-UAP-D129 | DOW-UAP-D130 | DOW-UAP-D131 | DOW-UAP-D132 | DOW-UAP-D133 | DOW-UAP-D134 | DOW-UAP-D135 | DOW-UAP-D136 | DOW-UAP-D137 | DOW-UAP-D138 | DOW-UAP-D139 | DOW-UAP-D140 | DOW-UAP-D141 | DOW-UAP-D142 | DOW-UAP-D143 | DOW-UAP-D144 | DOW-UAP-D145 | DOW-UAP-D146 | DOW-UAP-D147 | DOW-UAP-D148 | DOW-UAP-D149 | DOW-UAP-D150 | DOW-UAP-D151 | DOW-UAP-D152 | DOW-UAP-D153,"This document is a Defense Intelligence Reference Document (DIRD), a technical reference format used by the Defense Intelligence Agency (DIA) to capture baseline knowledge on a specific topic for later analytic use. DIRDs are best understood as reference and synthesis products rather than as original research. It is one of 38 DIRDs produced under the Advanced Aerospace Weapon System Applications Program (AAWSAP) between 2009 and 2011. Because AAWSAP’s scope permitted a broad range of supporting topics, not every DIRD in the series directly concerns aerospace systems or future threat assessment. The following summary reflects the DIRD’s scope and framing at the time of writing and should not be read as implying current validation of the concepts discussed.

This DIRD surveys metallic glasses as a potentially important class of aerospace materials and describes their amorphous structure as offering very high strength and unusual manufacturing advantages, but also significant drawbacks, especially poor ductility and fatigue resistance. The document concludes that the most promising aerospace applications are likely to come from metallic-glass-matrix composites rather than single-phase glasses, because these composites can retain high strength while greatly improving fracture toughness and fatigue performance, potentially enough to substitute for high-strength steels in some space-limited structural uses. At the same time, the report judges that broader aerospace use will depend on substantial progress over the next 20–50 years in alloy design, processing, and especially the development of lightweight systems, including aluminum-based options.",,,Department of War,12/14/09,"Las Vegas, Nevada",https://www.war.gov/medialink/ufo/sept-18/release-06/assets/DOW-UAP-D117_AAWSAP-DIRD-Metallic-Glasses-for-Aerospace-Applications-December-14-2009.pdf,https://www.war.gov/medialink/ufo/sept-18/release-06/thumbs/DOW-UAP-D117_AAWSAP-DIRD-Metallic-Glasses-for-Aerospace-Applications-December-14-2009.jpg,Microscope image showing shearing in a bent metallic glass sample at the nanometer scale.,260918-D-D0360-1106,
YES,TRUE,9/18/26,"DOW-UAP-D129, AAWSAP DIRD, Metallic Spintronics, March 2010",PDF,,DOW-UAP-D110 | DOW-UAP-D111 | DOW-UAP-D112 | DOW-UAP-D113 | DOW-UAP-D114 | DOW-UAP-D115 | DOW-UAP-D116 | DOW-UAP-D117 | DOW-UAP-D118 | DOW-UAP-D119 | DOW-UAP-D120 | DOW-UAP-D121 | DOW-UAP-D122 | DOW-UAP-D123 | DOW-UAP-D124 | DOW-UAP-D125 | DOW-UAP-D126 | DOW-UAP-D127 | DOW-UAP-D128 | DOW-UAP-D130 | DOW-UAP-D131 | DOW-UAP-D132 | DOW-UAP-D133 | DOW-UAP-D134 | DOW-UAP-D135 | DOW-UAP-D136 | DOW-UAP-D137 | DOW-UAP-D138 | DOW-UAP-D139 | DOW-UAP-D140 | DOW-UAP-D141 | DOW-UAP-D142 | DOW-UAP-D143 | DOW-UAP-D144 | DOW-UAP-D145 | DOW-UAP-D146 | DOW-UAP-D147 | DOW-UAP-D148 | DOW-UAP-D149 | DOW-UAP-D150 | DOW-UAP-D151 | DOW-UAP-D152 | DOW-UAP-D153,"This document is a Defense Intelligence Reference Document (DIRD), a technical reference format used by the Defense Intelligence Agency (DIA) to capture baseline knowledge on a specific topic for later analytic use. DIRDs are best understood as reference and synthesis products rather than as original research. It is one of 38 DIRDs produced under the Advanced Aerospace Weapon System Applications Program (AAWSAP) between 2009 and 2011. Because AAWSAP’s scope permitted a broad range of supporting topics, not every DIRD in the series directly concerns aerospace systems or future threat assessment. The following summary reflects the DIRD’s scope and framing at the time of writing and should not be read as implying current validation of the concepts discussed.

This DIRD surveys metallic spintronics, a branch of electronics that seeks to use both the electric charge and the magnetic spin of electrons to store, detect, and manipulate information, and argues that the field could lead to faster, lower-power, and more radiation-resistant devices than conventional semiconductor electronics. The report focuses on two main effects: giant magnetoresistance (GMR), which allows magnetic states to be read through changes in electrical resistance, and spin-transfer torque (STT), which allows electrical currents to change those magnetic states. The DIRD reviews their underlying physics, the experimental work then available, and possible applications in memory, sensors, oscillators, and logic devices. The document treats metallic spintronics as a promising field while emphasizing that many of its more advanced proposed applications still require substantial further development.",,,Department of War,3/23/10,"Las Vegas, Nevada",https://www.war.gov/medialink/ufo/sept-18/release-06/assets/DOW-UAP-D129_AAWSAP-DIRD-Metallic-Spintronics-March-23-2010.pdf,https://www.war.gov/medialink/ufo/sept-18/release-06/thumbs/DOW-UAP-D129_AAWSAP-DIRD-Metallic-Spintronics-March-23-2010.jpg,"Diagram showing how electric current torques the magnetic moment in a magnetic field, influencing the spin rate and direction of electrons to achieve stable frequencies within a system.",260918-D-D0360-1118,
YES,,9/18/26,"DOW-UAP-D154, Transcript of a Presentation by Captain Edward J. Ruppelt, 1952",PDF,DOW-UAP-PR160,,"This document is a transcript of a March 1952 presentation by Captain Edward J. Ruppelt outlining the U.S. Air Force’s reorganized investigation into unidentified flying objects (UFOs). The presentation previews prospective technical methodologies, such as diffraction-grating photography and radar-scope synchronization, that were subsequently incorporated into Project Blue Book, a U.S. Air Force program active from 1952 to 1969 that investigated the nature and origin of UFOs. Ruppelt explains that out of approximately 800 historical cases reviewed by the Air Force, approximately 20% remained unexplained after technical analysis. These unresolved reports were sourced from credible military personnel, commercial pilots, and other qualified technical observers. He highlights geographic report concentrations around sensitive national security and nuclear weapons installations (including Los Alamos, Albuquerque, and Oak Ridge National Laboratories) and notes recurring anomalous characteristics, including silent high-speed flight and radar detections indicating unconfirmed air speeds between 1,000 and 3,500 miles per hour. Emphasizing that the Air Force found no conclusive evidence regarding the nature or origin of the phenomena, Ruppelt underscores the national security need for a systematic physical data collection effort to better evaluate these sightings.",,,Department of War,3/26/52,"Boston, Massachusetts",https://www.war.gov/medialink/ufo/sept-18/release-06/assets/DOW-UAP-D154_Transcript-of-a-Presentation-by-Captain-Edward-J-Ruppelt-1952.pdf,https://www.war.gov/medialink/ufo/sept-18/release-06/thumbs/DOW-UAP-D154_Transcript-of-a-Presentation-by-Captain-Edward-J-Ruppelt-1952.jpg,Transcript Document,260918-D-D0360-1145,
YES,,9/18/26,"DOW-UAP-PR159, Historical Film of Reported UFOs, Utah, 1952",VID,,DOW-UAP-D098 | DOW-UAP-D102 | DOW-UAP-D103 | DOW-UAP-D104 | DOW-UAP-D105,"This archival footage is a digitization of a 16mm print of Kodachrome color motion-picture film shot on a handheld Bell & Howell Auto Master camera near Tremonton, Utah, on July 2, 1952. U.S. Navy Chief Warrant Officer Delbert C. Newhouse reported observing and filming a group of bright airborne objects and shortly thereafter submitted the footage to the U.S. Air Force. The film later became one of the visual cases reviewed by Project Blue Book, the 1952–1969 U.S. Air Force program that investigated the nature and origin of unidentified flying objects (UFOs). The film’s limited detail and lack of fixed reference points prevented a conclusive resolution. From the 55-second mark onward, the film transitions to unrelated footage appearing to show a demonstration of sewing equipment. The presence of unrelated sewing-equipment footage suggests that the surviving footage may be a composite or reused print, though the available record does not establish how or when the materials came to be combined. As documented in records submitted with the film, contained in this collection under the title DOW-UAP-D102, the footage originally was paired with mountain scenery from Idaho, which is not preserved in this digitization.",1023402,,Department of War,7/2/52,"Tremonton, Utah",,,,,
YES,,9/18/26,"DOW-UAP-PR160, Presentation by Captain Edward J. Ruppelt, 1952",AUD,,,"This audio file records a March 1952 presentation by Captain Edward J. Ruppelt, outlining the U.S. Air Force’s reorganized investigation into unidentified flying objects (UFOs). The presentation previews prospective technical methodologies, such as diffraction-grating photography and radar-scope synchronization, that were subsequently incorporated into Project Blue Book, a U.S. Air Force program active from 1952 to 1969 that investigated the nature and origin of UFOs. Ruppelt explains that out of approximately 800 historical cases reviewed by the Air Force, approximately 20% remained unexplained after technical analysis. These unresolved reports were sourced from credible military personnel, commercial pilots, and other qualified technical observers. He highlights geographic report concentrations around sensitive national security and nuclear weapons installations (including Los Alamos, Albuquerque, and Oak Ridge National Laboratories) and notes recurring anomalous characteristics, including silent high-speed flight and radar detections indicating unconfirmed air speeds between 1,000 and 3,500 miles per hour. Emphasizing that the Air Force found no conclusive evidence regarding the nature or origin of the phenomena, Ruppelt underscores the national security need for a systematic physical data collection effort to better evaluate these sightings.",1023407,,Department of War,3/26/52,"Boston, Massachusetts",,,,,
YES,TRUE,9/18/26,"LLE-UAP-PR001, Unresolved UAP Report, Colorado, 2023",VID,,,"A local law enforcement officer submitted a report of an unidentified anomalous phenomenon to the All-domain Anomaly Resolution Office consisting of 1 minute and 19 seconds of video footage from a commercially available cellular device’s rear-facing camera in October 2023. The reporting officer described the phenomenon as “silent” and as featuring “red, blue, and green flashing lights.” 

Video Description: AARO digitally altered this footage by blurring the bottom half to obscure information whose release could be reasonably expected to affect the privacy or other protected interest of a U.S. person or commercial entity. 

00:00-00:47: The camera pans to track an apparent light source, keeping it generally centered within the frame. 

00:48-01:19: The camera increases and decreases its level of magnification several times and continues to pan to track the apparent light source.   

AARO Comment: Cellular devices of the type used to capture this footage employ autofocus and other automated image-processing functions that may distort the apparent morphological and kinematic characteristics of distant subjects, particularly at high magnification.  ",1023409,,Local Law Enforcement,"October, 2023",Colorado,,,,,
YES,TRUE,9/18/26,"LLE-UAP-PR002, Unresolved UAP Report, Colorado, October 2023",VID,,,"A local law enforcement officer submitted a report of an unidentified anomalous phenomenon to the All-domain Anomaly Resolution Office consisting of 15 minutes of video footage from a commercially available cellular device’s rear-facing camera in October 2023. The reporting officer described the phenomenon as “silent” and as featuring “red, blue, and green flashing lights.” 

Video Description: AARO digitally altered this footage by blurring the bottom half to obscure information whose release could be reasonably expected to affect the privacy or other protected interest of a U.S. person or commercial entity. 

00:00-15:00: The camera focuses on an apparent light source for the duration of the video, keeping it generally centered within the frame. 

AARO Comment: Cellular devices of the type used to capture this footage employ autofocus and other automated image-processing functions that may distort the apparent morphological and kinematic characteristics of distant subjects, particularly at high magnification.  ",1023412,,Local Law Enforcement,"October, 2023",Colorado,,,,,
,,9/18/26,"DOW-UAP-D103, Project Blue Book Photo File Relating to Tremonton Film, Utah, 1952",PDF,DOW-UAP-PR159,DOW-UAP-D098 | DOW-UAP-D102 |  DOW-UAP-D104 | DOW-UAP-D105,"During its investigation of a July 1952 film of an incident reported near Tremonton, Utah, Project Blue Book examined whether the objects recorded on film might have been “pillow balloons.” Project Blue Book was a U.S. Air Force program active from 1952 to 1969 that investigated the nature and origin of unidentified flying objects (UFOs). In December 1952, investigators contacted General Mills, Inc., the only known manufacturer of pillow balloons at the time, to determine whether a balloon release could account for the incident.

The file includes example imagery of pillow balloons supplied by General Mills Research Laboratories. In late December 1952, Project Blue Book personnel, balloon specialists, and representatives from General Mills reviewed the Tremonton footage. The group’s consensus was that the objects closely resembled pillow balloons in flight and behaved consistently with that explanation. One General Mills representative was less convinced, noting that the objects appeared somewhat too bright and seemed to maneuver too rapidly.

The reviewers also questioned previous angular-velocity calculations suggesting that the objects moved at a high rate of speed because those calculations depended on the unverified assumption that the camera operator had held the camera still during filming. Subsequent efforts to identify a pillow-balloon release in the Tremonton area were unsuccessful. The file also considered seabirds as a possible explanation, citing similar films showing seabirds as bright points of light under comparable conditions. Later Air Force assessments favored the seabird attribution.",,,Department of War,7/2/52,"Tremonton, Utah",https://www.war.gov/medialink/ufo/sept-18/release-06/assets/DOW-UAP-D103_Project-Blue-Book-Photo-File-Relating-to-Tremonton-Film-Utah-1952.pdf,https://www.war.gov/medialink/ufo/sept-18/release-06/thumbs/DOW-UAP-D103_Project-Blue-Book-Photo-File-Relating-to-Tremonton-Film-Utah-1952.jpg,Black-and-white photo of two men launching a cluster of pillow balloons.,260918-D-D0360-1092,
,,9/18/26,"DOW-UAP-D104, Final Personnel Record for Newhouse, Delbert C., U.S. Navy, 1957",PDF,DOW-UAP-PR159,DOW-UAP-D098 | DOW-UAP-D102 | DOW-UAP-D103 | DOW-UAP-D105,"This file contains the final personnel record of U.S. Navy Chief Warrant Officer Delbert C. Newhouse, who left naval service as a Chief Warrant Officer 4, then the highest Warrant Officer grade. In July 1952, Newhouse recorded 16mm motion-picture film near Tremonton, Utah; the film later became the subject of a Project Blue Book investigation. Project Blue Book was the U.S. Air Force program active from 1952 to 1969 that investigated the nature and origin of unidentified flying objects (UFOs). In addition to documenting routine assignments and training, the file records Newhouse’s career progression as a Photographer’s Mate, a Navy enlisted specialty responsible for photography and related imaging work. Project Blue Book investigators characterized Newhouse as an expert photographer based on his naval experience.",,,Department of War,5/2/57,N/A,https://www.war.gov/medialink/ufo/sept-18/release-06/assets/DOW-UAP-D104_Final-Personnel-Record-for-Newhouse-Delbert-C-US-Navy-1957.pdf,https://www.war.gov/medialink/ufo/sept-18/release-06/thumbs/DOW-UAP-D104_Final-Personnel-Record-for-Newhouse-Delber-C-US-Navy-1957.jpg,Navy letter about a servicemember’s transfer to the Regular Navy.,260918-D-D0360-1093,
,,9/18/26,"DOW-UAP-D105, U.S. Air Force Flying Discs File, 1952",PDF,DOW-UAP-PR159,DOW-UAP-D098 | DOW-UAP-D102 | DOW-UAP-D103 | DOW-UAP-D104,"This file is an archival collection of U.S. Air Force Director of Intelligence records relating to reported “flying disc” incidents during the period from September through December 1952. Drawn from multiple governmental and non-governmental sources, it compiles a wide range of material associated with reported sightings and official handling of those observations, rather than presenting a single analytical conclusion on the nature or origin of “flying discs.” The contents include correspondence, memoranda, reporting forms, case summaries, distribution and routing material, and other administrative or intelligence-related documentation tied to flying-disc reporting and review during that period. Pages 26-36 of the file refer to an incident reported near Tremonton, Utah, in July 1952, in which a U.S. Navy Warrant Officer recorded film of unidentified objects that the Air Force later assessed were likely seabirds. Overall, the file is a broad documentary collection reflecting how such reports were recorded, circulated, and evaluated in late 1952.",,,Department of War,September - December 1952,Various,https://www.war.gov/medialink/ufo/sept-18/release-06/assets/DOW-UAP-D105_US-Air-Force-Flying-Discs-File-September-December-1952.pdf,https://www.war.gov/medialink/ufo/sept-18/release-06/thumbs/DOW-UAP-D105_US-Air-Force-Flying-Discs-File-September-December-1952.jpg,Handwritten letter or document from an Air Force flying-disc file.,260918-D-D0360-1094,
,TRUE,9/18/26,"DOW-UAP-D106, Mission Report, Iraq, 2022",PDF,DOW-UAP-PR130 | DOW-UAP-PR131,,"This document is a Mission Report (MISREP), a standardized reporting form the U.S. military uses to record the circumstances surrounding its operations. U.S. military services often use MISREPs to report unidentiﬁed anomalous phenomena (UAP) to the All-domain Anomaly Resolution Office (AARO). The GENTEXT, or “general text” section of these reports often contains important qualitative, contextual information, distinguishing it from the more quantitative, or numerical, data found elsewhere in the report. This mission report accompanies still imagery derived from an infrared system aboard a U.S. military platform in 2022 (DOW-UAP-PR130 and DOW-UAP-PR 131).

A U.S. military operator reported observing UAP “ﬂying sporadically within the target area… at various speeds between 80 and 180 miles per hour.” The reporter estimates the size of the UAP as between 1 and 2 meters (approximately 3-6 feet), and states that they were unable to determine the altitude of the phenomena.
All descriptive and estimative language contained in this report reﬂects the reporter’s subjective interpretation at the time of the event. Such characterizations should not be interpreted as a conclusive indication of the presence or absence of any intrinsic object features or performance characteristics.",,,Department of War,2022,Iraq,https://www.war.gov/medialink/ufo/sept-18/release-06/assets/DOW-UAP-D106_Mission-Report-Iraq-2022.pdf,https://www.war.gov/medialink/ufo/sept-18/release-06/thumbs/DOW-UAP-D106_Mission-Report-Iraq-2022.jpg,"Military mission report with headings, dates, and redacted text.",260918-D-D0360-1095,
,TRUE,9/18/26,"DOW-UAP-D107, Mission Report, Middle East, 2025",PDF,DOW-UAP-PR133,,"This document is a Mission Report (MISREP), a standardized reporting form the U.S. military uses to record the circumstances surrounding its operations. U.S. military services often use MISREPs to report unidentiﬁed anomalous phenomena (UAP) to the All-domain Anomaly Resolution Office (AARO). The GENTEXT, or “general text” section of these reports often contains important qualitative, contextual information, distinguishing it from the more quantitative, or numerical, data found elsewhere in the report. This mission report accompanies video footage derived from an infrared system aboard a U.S. military platform in 2025 (DOW-UAP-PR133).

A U.S. military operator reported observing UAP, describing it as “look[ing] like a white round orbit… moving as fast as 500 miles per hour.”

All descriptive and estimative language contained in this report reﬂects the reporter’s subjective interpretation at the time of the event. Such characterizations should not be interpreted as a conclusive indication of the presence or absence of any intrinsic object features or performance characteristics.",,,Department of War,2025,Middle East,https://www.war.gov/medialink/ufo/sept-18/release-06/assets/DOW-UAP-D107_Mission-Report-Middle-East-2025.pdf,https://www.war.gov/medialink/ufo/sept-18/release-06/thumbs/DOW-UAP-D107_Mission-Report-Middle-East-2025.jpg,"Military mission report with headings, dates, and redacted text.",260918-D-D0360-1096,
,TRUE,9/18/26,"DOW-UAP-D108, Mission Report, Middle East, 2025",PDF,DOW-UAP-PR135,,"This document is a Mission Report (MISREP), a standardized reporting form the U.S. military uses to record the circumstances surrounding its operations. U.S. military services often use MISREPs to report unidentiﬁed anomalous phenomena (UAP) to the All-domain Anomaly Resolution Office (AARO). The GENTEXT, or “general text” section of these reports often contains important qualitative, contextual information, distinguishing it from the more quantitative, or numerical, data found elsewhere in the report. This mission report accompanies video footage derived from an infrared system aboard a U.S. military platform in 2025 (DOW-UAP-PR135).

A U.S. military operator reported observing UAP, describing it as consisting of “six small spherical objects grouped together, and characterized their behavior as “seem[ingle] agile,” and “frequently changing direction.” The reporter estimated the speed of the UAP to have been 480 miles per hour.

All descriptive and estimative language contained in this report reﬂects the reporter’s subjective interpretation at the time of the event. Such characterizations should not be interpreted as a conclusive indication of the presence or absence of any intrinsic object features or performance characteristics.",,,Department of War,2025,Middle East,https://www.war.gov/medialink/ufo/sept-18/release-06/assets/DOW-UAP-D108_Mission-Report-Middle-East-2025.pdf,https://www.war.gov/medialink/ufo/sept-18/release-06/thumbs/DOW-UAP-D108_Mission-Report-Middle-East-2025.jpg,"Military mission report with headings, dates, and redacted text.",260918-D-D0360-1097,
,TRUE,9/18/26,"DOW-UAP-D109, Mission Report, Middle East, 2022",PDF,DOW-UAP-PR140 | DOW-UAP-PR141,,"This document is a Mission Report (MISREP), a standardized reporting form the U.S. military uses to record the circumstances surrounding its operations. U.S. military services often use MISREPs to report unidentiﬁed anomalous phenomena (UAP) to the All-domain Anomaly Resolution Office (AARO). The GENTEXT, or “general text” section of these reports often contains important qualitative, contextual information, distinguishing it from the more quantitative, or numerical, data found elsewhere in the report. This mission report accompanies video footage derived from an infrared system aboard a U.S. military platform in 2022 (DOW-UAP-PR140 and DOW-UAP-PR141).

A U.S. military operator reported observing UAP, describing it as consisting of “six small spherical objects grouped together. They characterized the behavior of the UAP as “seem[ingle] agile,” and “frequently changing direction.” The reporter estimated the speed of the UAP to have been 480 miles per hour.

All descriptive and estimative language contained in this report reﬂects the reporter’s subjective interpretation at the time of the event. Such characterizations should not be interpreted as a conclusive indication of the presence or absence of any intrinsic object features or performance characteristics.",,,Department of War,2022,Iraq,https://www.war.gov/medialink/ufo/sept-18/release-06/assets/DOW-UAP-D109_Mission-Report-Middle-East-2022.pdf,https://www.war.gov/medialink/ufo/sept-18/release-06/thumbs/DOW-UAP-D109_Mission-Report-Middle-East-2022.jpg,"Military mission report with headings, dates, and redacted text.",260918-D-D0360-1098,
,TRUE,9/18/26,"DOW-UAP-D112, AAWSAP Contract Modification P00001, September 2009",PDF,,DOW-UAP-D110 | DOW-UAP-D111 | DOW-UAP-D113 | DOW-UAP-D114 | DOW-UAP-D115 | DOW-UAP-D116 | DOW-UAP-D117 | DOW-UAP-D118 | DOW-UAP-D119 | DOW-UAP-D120 | DOW-UAP-D121 | DOW-UAP-D122 | DOW-UAP-D123 | DOW-UAP-D124 | DOW-UAP-D125 | DOW-UAP-D126 | DOW-UAP-D127 | DOW-UAP-D128 | DOW-UAP-D129 | DOW-UAP-D130 | DOW-UAP-D131 | DOW-UAP-D132 | DOW-UAP-D133 | DOW-UAP-D134 | DOW-UAP-D135 | DOW-UAP-D136 | DOW-UAP-D137 | DOW-UAP-D138 | DOW-UAP-D139 | DOW-UAP-D140 | DOW-UAP-D141 | DOW-UAP-D142 | DOW-UAP-D143 | DOW-UAP-D144 | DOW-UAP-D145 | DOW-UAP-D146 | DOW-UAP-D147 | DOW-UAP-D148 | DOW-UAP-D149 | DOW-UAP-D150 | DOW-UAP-D151 | DOW-UAP-D152 | DOW-UAP-D153,"This document is an administrative or programmatic record related to the Advanced Aerospace Weapon System Applications Program (AAWSAP), a Defense Intelligence Agency (DIA)-administered program active from 2008 to 2012. AAWSAP’s official scope of work identified 12 technical research areas relating to potential aerospace threats over a time horizon of more than 40 years. As an administrative record, the file documents how AAWSAP was scoped, organized, tasked, funded, or described at a particular point in time.

This September 2009 contract modification formally extends the Bigelow Aerospace Advanced Space Studies (BAASS) contract through 30 September 2009, revises the option-year dates to run from 1 October 2009 through 30 September 2010, and exercises the first option year subject to the availability of appropriated funds. The document carries forward the same major deliverable categories as the original contract.",,,Department of War,9/2/09,"Washington, D.C.",https://www.war.gov/medialink/ufo/sept-18/release-06/assets/DOW-UAP-D112_AAWSAP-Contract-Modification-P00001-September-2-2009.pdf,https://www.war.gov/medialink/ufo/sept-18/release-06/thumbs/DOW-UAP-D112_AAWSAP-Contract-Modification-P00001-September-2-2009.jpg,A form documenting a modification to a government contract.,260918-D-D0360-1101,
,TRUE,9/18/26,"DOW-UAP-D113, AAWSAP Contract Modification P00002, February 2010",PDF,,DOW-UAP-D110 | DOW-UAP-D111 | DOW-UAP-D112 | DOW-UAP-D114 | DOW-UAP-D115 | DOW-UAP-D116 | DOW-UAP-D117 | DOW-UAP-D118 | DOW-UAP-D119 | DOW-UAP-D120 | DOW-UAP-D121 | DOW-UAP-D122 | DOW-UAP-D123 | DOW-UAP-D124 | DOW-UAP-D125 | DOW-UAP-D126 | DOW-UAP-D127 | DOW-UAP-D128 | DOW-UAP-D129 | DOW-UAP-D130 | DOW-UAP-D131 | DOW-UAP-D132 | DOW-UAP-D133 | DOW-UAP-D134 | DOW-UAP-D135 | DOW-UAP-D136 | DOW-UAP-D137 | DOW-UAP-D138 | DOW-UAP-D139 | DOW-UAP-D140 | DOW-UAP-D141 | DOW-UAP-D142 | DOW-UAP-D143 | DOW-UAP-D144 | DOW-UAP-D145 | DOW-UAP-D146 | DOW-UAP-D147 | DOW-UAP-D148 | DOW-UAP-D149 | DOW-UAP-D150 | DOW-UAP-D151 | DOW-UAP-D152 | DOW-UAP-D153,"This document is an administrative or programmatic record related to the Advanced Aerospace Weapon System Applications Program (AAWSAP), a Defense Intelligence Agency (DIA)-administered program active from 2008 to 2012. AAWSAP’s official scope of work identified 12 technical research areas relating to potential aerospace threats over a time horizon of more than 40 years. As an administrative record, the file documents how AAWSAP was scoped, organized, tasked, funded, or described at a particular point in time.

This February 2010 contract modification provides funding for the exercise of Option Year 1 under contract HHM402-08-C-0072 and removes the availability-of-funds contingency that had been imposed in modification P00001. It also states that the modification identifies impacts to deliverables resulting from reduced Option Year 1 funding and incorporates revised documentation showing how Fiscal Year 2010 funds would be used. The modification converts the previously contingent option-year continuation into a funded contract action while acknowledging that reduced funding would affect the planned scope or timing of deliverables.",,,Department of War,2/2/10,"Washington, D.C.",https://www.war.gov/medialink/ufo/sept-18/release-06/assets/DOW-UAP-D113_AAWSAP-Contract-Modification-P00002-February-2-2010.pdf,https://www.war.gov/medialink/ufo/sept-18/release-06/thumbs/DOW-UAP-D113_AAWSAP-Contract-Modification-P00002-February-2-2010.jpg,A form documenting a modification to a government contract.,260918-D-D0360-1102,
,TRUE,9/18/26,"DOW-UAP-D114, AAWSAP Contract Modification P00003, May 2010",PDF,,DOW-UAP-D110 | DOW-UAP-D111 | DOW-UAP-D112 | DOW-UAP-D113 | DOW-UAP-D115 | DOW-UAP-D116 | DOW-UAP-D117 | DOW-UAP-D118 | DOW-UAP-D119 | DOW-UAP-D120 | DOW-UAP-D121 | DOW-UAP-D122 | DOW-UAP-D123 | DOW-UAP-D124 | DOW-UAP-D125 | DOW-UAP-D126 | DOW-UAP-D127 | DOW-UAP-D128 | DOW-UAP-D129 | DOW-UAP-D130 | DOW-UAP-D131 | DOW-UAP-D132 | DOW-UAP-D133 | DOW-UAP-D134 | DOW-UAP-D135 | DOW-UAP-D136 | DOW-UAP-D137 | DOW-UAP-D138 | DOW-UAP-D139 | DOW-UAP-D140 | DOW-UAP-D141 | DOW-UAP-D142 | DOW-UAP-D143 | DOW-UAP-D144 | DOW-UAP-D145 | DOW-UAP-D146 | DOW-UAP-D147 | DOW-UAP-D148 | DOW-UAP-D149 | DOW-UAP-D150 | DOW-UAP-D151 | DOW-UAP-D152 | DOW-UAP-D153,"This document is an administrative or programmatic record related to the Advanced Aerospace Weapon System Applications Program (AAWSAP), a Defense Intelligence Agency (DIA)-administered program active from 2008 to 2012. AAWSAP’s official scope of work identified 12 technical research areas relating to potential aerospace threats over a time horizon of more than 40 years. As an administrative record, the file documents how AAWSAP was scoped, organized, tasked, funded, or described at a particular point in time.

This May 2010 contract modification is an administrative change to contract HHM402-08-C-0072. The modification states that its purpose is to change the Contracting Officer’s Representative (COR) designation for the AAWSAP contract and identifies the newly designated COR while specifying that guidance from the COR must comply with the contract’s governing terms. In effect, the file is best understood as an internal contract-administration update reflecting oversight realignment rather than a substantive change to AAWSAP’s research deliverables or program direction.",,,Department of War,5/18/10,"Washington, D.C.",https://www.war.gov/medialink/ufo/sept-18/release-06/assets/DOW-UAP-D114_AAWSAP-Contract-Modification-P00003-May-18- 2010.pdf,https://www.war.gov/medialink/ufo/sept-18/release-06/thumbs/DOW-UAP-D114_AAWSAP-Contract-Modification-P00003-May-18-2010.jpg,A form documenting a modification to a government contract.,260918-D-D0360-1103,
,TRUE,9/18/26,"DOW-UAP-D115, AAWSAP Contract Modification P00004, May 2010",PDF,,DOW-UAP-D110 | DOW-UAP-D111 | DOW-UAP-D112 | DOW-UAP-D113 | DOW-UAP-D114 | DOW-UAP-D116 | DOW-UAP-D117 | DOW-UAP-D118 | DOW-UAP-D119 | DOW-UAP-D120 | DOW-UAP-D121 | DOW-UAP-D122 | DOW-UAP-D123 | DOW-UAP-D124 | DOW-UAP-D125 | DOW-UAP-D126 | DOW-UAP-D127 | DOW-UAP-D128 | DOW-UAP-D129 | DOW-UAP-D130 | DOW-UAP-D131 | DOW-UAP-D132 | DOW-UAP-D133 | DOW-UAP-D134 | DOW-UAP-D135 | DOW-UAP-D136 | DOW-UAP-D137 | DOW-UAP-D138 | DOW-UAP-D139 | DOW-UAP-D140 | DOW-UAP-D141 | DOW-UAP-D142 | DOW-UAP-D143 | DOW-UAP-D144 | DOW-UAP-D145 | DOW-UAP-D146 | DOW-UAP-D147 | DOW-UAP-D148 | DOW-UAP-D149 | DOW-UAP-D150 | DOW-UAP-D151 | DOW-UAP-D152 | DOW-UAP-D153,"This document is an administrative or programmatic record related to the Advanced Aerospace Weapon System Applications Program (AAWSAP), a Defense Intelligence Agency (DIA)-administered program active from 2008 to 2012. AAWSAP’s official scope of work identified 12 technical research areas relating to potential aerospace threats over a time horizon of more than 40 years. As an administrative record, the file documents how AAWSAP was scoped, organized, tasked, funded, or described at a particular point in time.

This May 2010 contract modification records a minor administrative action associated with the AAWSAP contract (HHM402-08-C-0072) to align internal recordkeeping with a change to the Contracting Officer’s Representative documented in a separate contract modification (P00003).",,,Department of War,5/18/10,"Washington, D.C.",https://www.war.gov/medialink/ufo/sept-18/release-06/assets/DOW-UAP-D115_AAWSAP-Contract-Modification-P00004-May-18-2010.pdf,https://www.war.gov/medialink/ufo/sept-18/release-06/thumbs/DOW-UAP-D115_AAWSAP-Contract-Modification-P00004-May-18-2010.jpg,A form documenting a modification to a government contract.,260918-D-D0360-1104,
,TRUE,9/18/26,"DOW-UAP-D116, AAWSAP Contract Modification P00005, September 2010",PDF,,DOW-UAP-D110 | DOW-UAP-D111 | DOW-UAP-D112 | DOW-UAP-D113 | DOW-UAP-D114 | DOW-UAP-D115 | DOW-UAP-D117 | DOW-UAP-D118 | DOW-UAP-D119 | DOW-UAP-D120 | DOW-UAP-D121 | DOW-UAP-D122 | DOW-UAP-D123 | DOW-UAP-D124 | DOW-UAP-D125 | DOW-UAP-D126 | DOW-UAP-D127 | DOW-UAP-D128 | DOW-UAP-D129 | DOW-UAP-D130 | DOW-UAP-D131 | DOW-UAP-D132 | DOW-UAP-D133 | DOW-UAP-D134 | DOW-UAP-D135 | DOW-UAP-D136 | DOW-UAP-D137 | DOW-UAP-D138 | DOW-UAP-D139 | DOW-UAP-D140 | DOW-UAP-D141 | DOW-UAP-D142 | DOW-UAP-D143 | DOW-UAP-D144 | DOW-UAP-D145 | DOW-UAP-D146 | DOW-UAP-D147 | DOW-UAP-D148 | DOW-UAP-D149 | DOW-UAP-D150 | DOW-UAP-D151 | DOW-UAP-D152 | DOW-UAP-D153,"This document is an administrative or programmatic record related to the Advanced Aerospace Weapon System Applications Program (AAWSAP), a Defense Intelligence Agency (DIA)-administered program active from 2008 to 2012. AAWSAP’s official scope of work identified 12 technical research areas relating to potential aerospace threats over a time horizon of more than 40 years. As an administrative record, the file documents how AAWSAP was scoped, organized, tasked, funded, or described at a particular point in time.

This September 2010 contract modification extends the period of performance for the AAWSAP contract (HHM402-08-C-0072) from September 22, 2010, to December 21, 2010. The modification states that no additional funding was required for the extension and that no other changes were made to the contract. This bridge action extended AAWSAP contractor support beyond the previously established performance end date without changing the underlying scope of work.",,,Department of War,9/28/10,"Washington, D.C.",https://www.war.gov/medialink/ufo/sept-18/release-06/assets/DOW-UAP-D116_AAWSAP-Contract-Modification-P00005-September-28-2010.pdf,https://www.war.gov/medialink/ufo/sept-18/release-06/thumbs/DOW-UAP-D116_AAWSAP-Contract-Modification-P00005-September-28-2010.jpg,A form documenting a modification to a government contract.,260918-D-D0360-1105,
,TRUE,9/18/26,"DOW-UAP-D118, AAWSAP DIRD, Aerospace Applications of Programmable Matter, December 2009",PDF,,DOW-UAP-D110 | DOW-UAP-D111 | DOW-UAP-D112 | DOW-UAP-D113 | DOW-UAP-D114 | DOW-UAP-D115 | DOW-UAP-D116 | DOW-UAP-D117 | DOW-UAP-D119 | DOW-UAP-D120 | DOW-UAP-D121 | DOW-UAP-D122 | DOW-UAP-D123 | DOW-UAP-D124 | DOW-UAP-D125 | DOW-UAP-D126 | DOW-UAP-D127 | DOW-UAP-D128 | DOW-UAP-D129 | DOW-UAP-D130 | DOW-UAP-D131 | DOW-UAP-D132 | DOW-UAP-D133 | DOW-UAP-D134 | DOW-UAP-D135 | DOW-UAP-D136 | DOW-UAP-D137 | DOW-UAP-D138 | DOW-UAP-D139 | DOW-UAP-D140 | DOW-UAP-D141 | DOW-UAP-D142 | DOW-UAP-D143 | DOW-UAP-D144 | DOW-UAP-D145 | DOW-UAP-D146 | DOW-UAP-D147 | DOW-UAP-D148 | DOW-UAP-D149 | DOW-UAP-D150 | DOW-UAP-D151 | DOW-UAP-D152 | DOW-UAP-D153,"This document is a Defense Intelligence Reference Document (DIRD), a technical reference format used by the Defense Intelligence Agency (DIA) to capture baseline knowledge on a specific topic for later analytic use. DIRDs are best understood as reference and synthesis products rather than as original research. It is one of 38 DIRDs produced under the Advanced Aerospace Weapon System Applications Program (AAWSAP) between 2009 and 2011. Because AAWSAP’s scope permitted a broad range of supporting topics, not every DIRD in the series directly concerns aerospace systems or future threat assessment. The following summary reflects the DIRD’s scope and framing at the time of writing and should not be read as implying current validation of the concepts discussed.

This DIRD describes “programmable matter” as smart materials whose properties can be changed on command, potentially allowing spacecraft components to change function through software updates rather than physical repair or replacement. The report suggests that such materials could someday enable adjustable sensors, smart windows, heat control, energy collection, active camouflage, and systems that switch between different functions, making spacecraft more flexible and adaptable. At the same time, it presents the idea as highly speculative and emphasizes major technical obstacles, including manufacturing at extremely small scales, shielding against radiation and electromagnetic interference, managing temperature effects, reducing component failures, and preventing hacking or malicious control. Overall, the document presents programmable matter as a promising long-term concept over the next 50 years, while judging that simpler near-term uses such as smart windows and energy-saving surface materials are far more realistic than the more ambitious aerospace applications.",,,Department of War,12/14/09,"Las Vegas, Nevada",https://www.war.gov/medialink/ufo/sept-18/release-06/assets/DOW-UAP-D118_AAWSAP-DIRD-Aerospace-Applications-of-Programmable-Matter-December-14-2009.pdf,https://www.war.gov/medialink/ufo/sept-18/release-06/thumbs/DOW-UAP-D118_AAWSAP-DIRD-Aerospace-Applications-of-Programmable-Matter-December-14-2009.jpg,Photos show window film changing from clear to reflective when heated.,260918-D-D0360-1107,
,TRUE,9/18/26,"DOW-UAP-D119, AAWSAP DIRD, Biomaterials, January 2010",PDF,,DOW-UAP-D110 | DOW-UAP-D111 | DOW-UAP-D112 | DOW-UAP-D113 | DOW-UAP-D114 | DOW-UAP-D115 | DOW-UAP-D116 | DOW-UAP-D117 | DOW-UAP-D118 | DOW-UAP-D120 | DOW-UAP-D121 | DOW-UAP-D122 | DOW-UAP-D123 | DOW-UAP-D124 | DOW-UAP-D125 | DOW-UAP-D126 | DOW-UAP-D127 | DOW-UAP-D128 | DOW-UAP-D129 | DOW-UAP-D130 | DOW-UAP-D131 | DOW-UAP-D132 | DOW-UAP-D133 | DOW-UAP-D134 | DOW-UAP-D135 | DOW-UAP-D136 | DOW-UAP-D137 | DOW-UAP-D138 | DOW-UAP-D139 | DOW-UAP-D140 | DOW-UAP-D141 | DOW-UAP-D142 | DOW-UAP-D143 | DOW-UAP-D144 | DOW-UAP-D145 | DOW-UAP-D146 | DOW-UAP-D147 | DOW-UAP-D148 | DOW-UAP-D149 | DOW-UAP-D150 | DOW-UAP-D151 | DOW-UAP-D152 | DOW-UAP-D153,"This document is a Defense Intelligence Reference Document (DIRD), a technical reference format used by the Defense Intelligence Agency (DIA) to capture baseline knowledge on a specific topic for later analytic use. DIRDs are best understood as reference and synthesis products rather than as original research. It is one of 38 DIRDs produced under the Advanced Aerospace Weapon System Applications Program (AAWSAP) between 2009 and 2011. Because AAWSAP’s scope permitted a broad range of supporting topics, not every DIRD in the series directly concerns aerospace systems or future threat assessment. The following summary reflects the DIRD’s scope and framing at the time of writing and should not be read as implying current validation of the concepts discussed.

This DIRD is a broad survey of biomaterials, including metals, polymers, ceramics, glasses, and composites designed to interact with living tissue, and argues that their value depends mainly on biocompatibility, reliability, and careful matching of material properties to specific medical uses. The report reviews major application areas including biosensors, implants, cardiovascular devices, contact lenses, drug delivery systems, tissue constructs, titanium devices, and dialysis membranes, emphasizing that no single biomaterial works best in every setting. Its overall conclusion is that biomaterials are already foundational to a large medical-device industry and save or improve millions of lives, but that progress tends to be slow because safety testing is stringent; as a result, most advances come from improved ways of applying established materials such as silicone, Teflon, biodegradable polymers, ceramics, and titanium in new devices and clinical settings rather than from radically new substances.",,,Department of War,1/7/10,"Las Vegas, Nevada",https://www.war.gov/medialink/ufo/sept-18/release-06/assets/DOW-UAP-D119_AAWSAP-DIRD-Biomaterials-January-7-2010.pdf,https://www.war.gov/medialink/ufo/sept-18/release-06/thumbs/DOW-UAP-D119_AAWSAP-DIRD-Biomaterials-January-7-2010.jpg,Example imagery of materials typically used in biosensor membranes.,260918-D-D0360-1108,
,TRUE,9/18/26,"DOW-UAP-D120, AAWSAP DIRD, Materials for Advanced Aerospace Platforms, January 2010",PDF,,DOW-UAP-D110 | DOW-UAP-D111 | DOW-UAP-D112 | DOW-UAP-D113 | DOW-UAP-D114 | DOW-UAP-D115 | DOW-UAP-D116 | DOW-UAP-D117 | DOW-UAP-D118 | DOW-UAP-D119 | DOW-UAP-D121 | DOW-UAP-D122 | DOW-UAP-D123 | DOW-UAP-D124 | DOW-UAP-D125 | DOW-UAP-D126 | DOW-UAP-D127 | DOW-UAP-D128 | DOW-UAP-D129 | DOW-UAP-D130 | DOW-UAP-D131 | DOW-UAP-D132 | DOW-UAP-D133 | DOW-UAP-D134 | DOW-UAP-D135 | DOW-UAP-D136 | DOW-UAP-D137 | DOW-UAP-D138 | DOW-UAP-D139 | DOW-UAP-D140 | DOW-UAP-D141 | DOW-UAP-D142 | DOW-UAP-D143 | DOW-UAP-D144 | DOW-UAP-D145 | DOW-UAP-D146 | DOW-UAP-D147 | DOW-UAP-D148 | DOW-UAP-D149 | DOW-UAP-D150 | DOW-UAP-D151 | DOW-UAP-D152 | DOW-UAP-D153,"This document is a Defense Intelligence Reference Document (DIRD), a technical reference format used by the Defense Intelligence Agency (DIA) to capture baseline knowledge on a specific topic for later analytic use. DIRDs are best understood as reference and synthesis products rather than as original research. It is one of 38 DIRDs produced under the Advanced Aerospace Weapon System Applications Program (AAWSAP) between 2009 and 2011. Because AAWSAP’s scope permitted a broad range of supporting topics, not every DIRD in the series directly concerns aerospace systems or future threat assessment. The following summary reflects the DIRD’s scope and framing at the time of writing and should not be read as implying current validation of the concepts discussed.

This DIRD surveys the structural materials needed for advanced aerospace platforms and argues that material choice cannot be separated from overall vehicle design, because launch vehicles, space vehicles, reusable systems, and propulsion hardware each face different temperature, durability, weight, and manufacturing constraints. The report reviews a range of candidate material classes, including advanced aluminum alloys; polymer-, aluminum-, and titanium-matrix composites; titanium alloys; nickel-base alloys; refractory metals; ceramic-matrix composites; carbon-carbon composites; and titanium aluminides. It emphasizes that balancing performance against practical limits such as fabrication methods, cost, inspection, contamination control, and service environment remains a major challenge. Its overall conclusion is that many promising materials exist, but their usefulness depends on application-specific tradeoffs and on closer integration of material selection with design and manufacturing, with some systems judged to be more valuable targets for development than others.",,,Department of War,1/12/10,"Las Vegas, Nevada",https://www.war.gov/medialink/ufo/sept-18/release-06/assets/DOW-UAP-D120_AAWSAP-DIRD-Materials-for-Advanced-Aerospace-Platforms-January-12-2010.pdf,https://www.war.gov/medialink/ufo/sept-18/release-06/thumbs/DOW-UAP-D120_AAWSAP-DIRD-Materials-for-Advanced-Aerospace-Platforms-January-12-2010.jpg,A description of composite material methods and imagery of an aircraft body section being unloaded.,260918-D-D0360-1109,
,TRUE,9/18/26,"DOW-UAP-D121, AAWSAP DIRD, Pulsed High-Power Microwave Source Technology, January 2010",PDF,,DOW-UAP-D110 | DOW-UAP-D111 | DOW-UAP-D112 | DOW-UAP-D113 | DOW-UAP-D114 | DOW-UAP-D115 | DOW-UAP-D116 | DOW-UAP-D117 | DOW-UAP-D118 | DOW-UAP-D119 | DOW-UAP-D120 | DOW-UAP-D122 | DOW-UAP-D123 | DOW-UAP-D124 | DOW-UAP-D125 | DOW-UAP-D126 | DOW-UAP-D127 | DOW-UAP-D128 | DOW-UAP-D129 | DOW-UAP-D130 | DOW-UAP-D131 | DOW-UAP-D132 | DOW-UAP-D133 | DOW-UAP-D134 | DOW-UAP-D135 | DOW-UAP-D136 | DOW-UAP-D137 | DOW-UAP-D138 | DOW-UAP-D139 | DOW-UAP-D140 | DOW-UAP-D141 | DOW-UAP-D142 | DOW-UAP-D143 | DOW-UAP-D144 | DOW-UAP-D145 | DOW-UAP-D146 | DOW-UAP-D147 | DOW-UAP-D148 | DOW-UAP-D149 | DOW-UAP-D150 | DOW-UAP-D151 | DOW-UAP-D152 | DOW-UAP-D153,"This document is a Defense Intelligence Reference Document (DIRD), a technical reference format used by the Defense Intelligence Agency (DIA) to capture baseline knowledge on a specific topic for later analytic use. DIRDs are best understood as reference and synthesis products rather than as original research. It is one of 38 DIRDs produced under the Advanced Aerospace Weapon System Applications Program (AAWSAP) between 2009 and 2011. Because AAWSAP’s scope permitted a broad range of supporting topics, not every DIRD in the series directly concerns aerospace systems or future threat assessment. The following summary reflects the DIRD’s scope and framing at the time of writing and should not be read as implying current validation of the concepts discussed.

This DIRD surveys pulsed high-power microwave (HPM) source technology and argues that such systems remain of military interest because they can disrupt or damage electronic systems with short, intense electromagnetic pulses. The report reviews the main source types and the supporting technologies they depend on, including high-voltage insulation, switching, cathode materials, antennas, and pulse-power generation. It emphasizes the difficulty of building systems that are compact, efficient, and practical to field, since short pulse durations, antenna size, heating, detectability, and beam or signal quality all impose hard engineering limits. Its overall conclusion is that the technology has significant potential military value, but that further progress depends on advances in cathodes, predictive modeling, high-speed high-voltage switching, and low-loss insulation, while compact ultrawideband systems will remain difficult because of basic physical constraints on antenna design.",,,Department of War,1/28/10,"Las Vegas, Nevada",https://www.war.gov/medialink/ufo/sept-18/release-06/assets/DOW-UAP-D121_AAWSAP-DIRD-Pulsed-High-Power-Microwave-Source-Technology-January-28-2010.pdf,https://www.war.gov/medialink/ufo/sept-18/release-06/thumbs/DOW-UAP-D121_AAWSAP-DIRD-Pulsed-High-Power-Microwave-Source-Technology-January-28-2010.jpg,Image of a vehicle-mounted microwave area denial system.,260918-D-D0360-1110,
,TRUE,9/18/26,"DOW-UAP-D122, AAWSAP DIRD, Invisibility Cloaking Theory and Experiments, March 2010",PDF,,DOW-UAP-D110 | DOW-UAP-D111 | DOW-UAP-D112 | DOW-UAP-D113 | DOW-UAP-D114 | DOW-UAP-D115 | DOW-UAP-D116 | DOW-UAP-D117 | DOW-UAP-D118 | DOW-UAP-D119 | DOW-UAP-D120 | DOW-UAP-D121 | DOW-UAP-D123 | DOW-UAP-D124 | DOW-UAP-D125 | DOW-UAP-D126 | DOW-UAP-D127 | DOW-UAP-D128 | DOW-UAP-D129 | DOW-UAP-D130 | DOW-UAP-D131 | DOW-UAP-D132 | DOW-UAP-D133 | DOW-UAP-D134 | DOW-UAP-D135 | DOW-UAP-D136 | DOW-UAP-D137 | DOW-UAP-D138 | DOW-UAP-D139 | DOW-UAP-D140 | DOW-UAP-D141 | DOW-UAP-D142 | DOW-UAP-D143 | DOW-UAP-D144 | DOW-UAP-D145 | DOW-UAP-D146 | DOW-UAP-D147 | DOW-UAP-D148 | DOW-UAP-D149 | DOW-UAP-D150 | DOW-UAP-D151 | DOW-UAP-D152 | DOW-UAP-D153,"This document is a Defense Intelligence Reference Document (DIRD), a technical reference format used by the Defense Intelligence Agency (DIA) to capture baseline knowledge on a specific topic for later analytic use. DIRDs are best understood as reference and synthesis products rather than as original research. It is one of 38 DIRDs produced under the Advanced Aerospace Weapon System Applications Program (AAWSAP) between 2009 and 2011. Because AAWSAP’s scope permitted a broad range of supporting topics, not every DIRD in the series directly concerns aerospace systems or future threat assessment. The following summary reflects the DIRD’s scope and framing at the time of writing and should not be read as implying current validation of the concepts discussed.

This DIRD surveys the theory and early experiments behind invisibility cloaking, describing several ways an object might be hidden from visual or sensor detection, including camouflage, transparency effects, and optical cloaking that bends light around an object. It focuses mainly on metamaterials, negative refraction, and transformation optics, and reviews experiments that had already demonstrated limited cloaking at microwave frequencies. The report argues that “imperfect” cloaking is physically achievable in some parts of the electromagnetic spectrum, especially for microwaves, but that “perfect” cloaking is not practical because it would require material properties that conflict with the underlying physics. Its overall conclusion is that cloaking is a scientific field with plausible narrow applications, but that useful visible-light cloaking depends more on future theoretical breakthroughs than on conventional advances in materials science.",,,Department of War,3/2/10,"Las Vegas, Nevada",https://www.war.gov/medialink/ufo/sept-18/release-06/assets/DOW-UAP-D122_AAWSAP-DIRD-Invisibility-Cloaking-Theory-and-Experiments-March-2-2010.pdf,https://www.war.gov/medialink/ufo/sept-18/release-06/thumbs/DOW-UAP-D122_AAWSAP-DIRD-Invisibility-Cloaking-Theory-and-Experiments-March-2-2010.jpg,Demonstation of techniques to achieve optical camouflage using passive and active systems.,260918-D-D0360-1111,
,TRUE,9/18/26,"DOW-UAP-D123, AAWSAP DIRD, Positron Aerospace Propulsion, March 2010",PDF,,DOW-UAP-D110 | DOW-UAP-D111 | DOW-UAP-D112 | DOW-UAP-D113 | DOW-UAP-D114 | DOW-UAP-D115 | DOW-UAP-D116 | DOW-UAP-D117 | DOW-UAP-D118 | DOW-UAP-D119 | DOW-UAP-D120 | DOW-UAP-D121 | DOW-UAP-D122 | DOW-UAP-D124 | DOW-UAP-D125 | DOW-UAP-D126 | DOW-UAP-D127 | DOW-UAP-D128 | DOW-UAP-D129 | DOW-UAP-D130 | DOW-UAP-D131 | DOW-UAP-D132 | DOW-UAP-D133 | DOW-UAP-D134 | DOW-UAP-D135 | DOW-UAP-D136 | DOW-UAP-D137 | DOW-UAP-D138 | DOW-UAP-D139 | DOW-UAP-D140 | DOW-UAP-D141 | DOW-UAP-D142 | DOW-UAP-D143 | DOW-UAP-D144 | DOW-UAP-D145 | DOW-UAP-D146 | DOW-UAP-D147 | DOW-UAP-D148 | DOW-UAP-D149 | DOW-UAP-D150 | DOW-UAP-D151 | DOW-UAP-D152 | DOW-UAP-D153,"This document is a Defense Intelligence Reference Document (DIRD), a technical reference format used by the Defense Intelligence Agency (DIA) to capture baseline knowledge on a specific topic for later analytic use. DIRDs are best understood as reference and synthesis products rather than as original research. It is one of 38 DIRDs produced under the Advanced Aerospace Weapon System Applications Program (AAWSAP) between 2009 and 2011. Because AAWSAP’s scope permitted a broad range of supporting topics, not every DIRD in the series directly concerns aerospace systems or future threat assessment. The following summary reflects the DIRD’s scope and framing at the time of writing and should not be read as implying current validation of the concepts discussed.

This DIRD examines positrons as a possible fuel for advanced aerospace propulsion, arguing that antimatter offers extraordinary energy density and could, in principle, support applications ranging from long-endurance aircraft and missiles to single-stage launch vehicles, onboard power systems, and crewed Mars missions. At the same time, it makes clear that the concept depends on resolving major unsolved problems in producing positrons in sufficient quantities and storing them safely for long periods, and much of the document’s discussion of flight systems and Mars missions remains conceptual rather than closely tied to demonstrated engineering practice. Its overall conclusion is that positron propulsion is theoretically attractive, but remains highly speculative as a practical technology because its core production and storage requirements remain unsolved.",,,Department of War,3/2/10,"Las Vegas, Nevada",https://www.war.gov/medialink/ufo/sept-18/release-06/assets/DOW-UAP-D123_AAWSAP-DIRD-Positron-Aerospace-Propulsion-March-2-2010.pdf,https://www.war.gov/medialink/ufo/sept-18/release-06/thumbs/DOW-UAP-D123_AAWSAP-DIRD-Positron-Aerospace-Propulsion-March-2-2010.jpg,Two photos of Ramjet-Assisted missile systems and a comparison of options for positron-powered flight.,260918-D-D0360-1112,
,TRUE,9/18/26,"DOW-UAP-D124, AAWSAP DIRD, Space Access: Where We’ve Been and Where We Could Go, March 2010",PDF,,DOW-UAP-D110 | DOW-UAP-D111 | DOW-UAP-D112 | DOW-UAP-D113 | DOW-UAP-D114 | DOW-UAP-D115 | DOW-UAP-D116 | DOW-UAP-D117 | DOW-UAP-D118 | DOW-UAP-D119 | DOW-UAP-D120 | DOW-UAP-D121 | DOW-UAP-D122 | DOW-UAP-D123 | DOW-UAP-D125 | DOW-UAP-D126 | DOW-UAP-D127 | DOW-UAP-D128 | DOW-UAP-D129 | DOW-UAP-D130 | DOW-UAP-D131 | DOW-UAP-D132 | DOW-UAP-D133 | DOW-UAP-D134 | DOW-UAP-D135 | DOW-UAP-D136 | DOW-UAP-D137 | DOW-UAP-D138 | DOW-UAP-D139 | DOW-UAP-D140 | DOW-UAP-D141 | DOW-UAP-D142 | DOW-UAP-D143 | DOW-UAP-D144 | DOW-UAP-D145 | DOW-UAP-D146 | DOW-UAP-D147 | DOW-UAP-D148 | DOW-UAP-D149 | DOW-UAP-D150 | DOW-UAP-D151 | DOW-UAP-D152 | DOW-UAP-D153,"This document is a Defense Intelligence Reference Document (DIRD), a technical reference format used by the Defense Intelligence Agency (DIA) to capture baseline knowledge on a specific topic for later analytic use. DIRDs are best understood as reference and synthesis products rather than as original research. It is one of 38 DIRDs produced under the Advanced Aerospace Weapon System Applications Program (AAWSAP) between 2009 and 2011. Because AAWSAP’s scope permitted a broad range of supporting topics, not every DIRD in the series directly concerns aerospace systems or future threat assessment. The following summary reflects the DIRD’s scope and framing at the time of writing and should not be read as implying current validation of the concepts discussed.

This DIRD is a historical and conceptual survey of space access systems, contending that the main barrier to routine access to space is a failure to build durable, reliable, operational hardware and the supporting infrastructure needed for regular service to and from low Earth orbit. The report reviews earlier launch and aerospace concepts, especially reusable and aircraft-like approaches, and suggests that U.S. space access development became too strongly centered on expendable rockets derived from ballistic missiles rather than bespoke systems designed for repeated space access and payload delivery. Its central claim is that meaningful future progress will depend on creating a purpose-built space transportation infrastructure, including frequent round-trip capability and orbital support networks, rather than continuing to rely on one-off launch vehicles. Overall, the document presents a forceful case for infrastructure-first space development, though its characterization of past technological choices is more assertive than a fully neutral account of past U.S. space programming.",,,Department of War,3/8/10,"Las Vegas, Nevada",https://www.war.gov/medialink/ufo/sept-18/release-06/assets/DOW-UAP-D124_AAWSAP-DIRD-Space Access-Where-Weve-Been-and-Where-We-Could-Go-March-8-2010.pdf,https://www.war.gov/medialink/ufo/sept-18/release-06/thumbs/DOW-UAP-D124_AAWSAP-DIRD-Space Access-Where-Weve-Been-and-Where-We-Could-Go-March-8-2010.jpg,Two black-and-white photos show a rocket engine and a boost-glide vehicle with text outlining rocket propulsion systems.,260918-D-D0360-1113,
,TRUE,9/18/26,"DOW-UAP-D125, AAWSAP DIRD, Inertial Electrostatic Confinement Fusion, March 2010",PDF,,DOW-UAP-D110 | DOW-UAP-D111 | DOW-UAP-D112 | DOW-UAP-D113 | DOW-UAP-D114 | DOW-UAP-D115 | DOW-UAP-D116 | DOW-UAP-D117 | DOW-UAP-D118 | DOW-UAP-D119 | DOW-UAP-D120 | DOW-UAP-D121 | DOW-UAP-D122 | DOW-UAP-D123 | DOW-UAP-D124 | DOW-UAP-D126 | DOW-UAP-D127 | DOW-UAP-D128 | DOW-UAP-D129 | DOW-UAP-D130 | DOW-UAP-D131 | DOW-UAP-D132 | DOW-UAP-D133 | DOW-UAP-D134 | DOW-UAP-D135 | DOW-UAP-D136 | DOW-UAP-D137 | DOW-UAP-D138 | DOW-UAP-D139 | DOW-UAP-D140 | DOW-UAP-D141 | DOW-UAP-D142 | DOW-UAP-D143 | DOW-UAP-D144 | DOW-UAP-D145 | DOW-UAP-D146 | DOW-UAP-D147 | DOW-UAP-D148 | DOW-UAP-D149 | DOW-UAP-D150 | DOW-UAP-D151 | DOW-UAP-D152 | DOW-UAP-D153,"This document is a Defense Intelligence Reference Document (DIRD), a technical reference format used by the Defense Intelligence Agency (DIA) to capture baseline knowledge on a specific topic for later analytic use. DIRDs are best understood as reference and synthesis products rather than as original research. It is one of 38 DIRDs produced under the Advanced Aerospace Weapon System Applications Program (AAWSAP) between 2009 and 2011. Because AAWSAP’s scope permitted a broad range of supporting topics, not every DIRD in the series directly concerns aerospace systems or future threat assessment. The following summary reflects the DIRD’s scope and framing at the time of writing and should not be read as implying current validation of the concepts discussed.

This DIRD surveys inertial electrostatic confinement (IEC) fusion, a relatively unconventional fusion concept that uses electric fields rather than the more established magnetic or laser-based approaches to confine ions, and it reviews both the underlying physics and the experimental work associated with the concept. The report emphasizes that IEC may have nearer-term value as a compact neutron, proton, or x-ray source and as a platform for studying experimental fusion approaches, while also presenting more ambitious possibilities such as aneutronic power generation and propulsion applications. At the same time, it makes clear that the concept remained far from practical fusion power, with experimental devices operating several orders of magnitude below breakeven and with major unresolved issues involving confinement, losses, grid damage, and scale-up. Overall, the document treats IEC as a technically interesting but still highly speculative path toward fusion energy, while suggesting that its more limited spin-off applications were more plausible in the near term than its long-range power generation or propulsion applications.",,,Department of War,3/10/10,"Las Vegas, Nevada",https://www.war.gov/medialink/ufo/sept-18/release-06/assets/DOW-UAP-D125_AAWSA-DIRD-Inertial-Electrostatic-Confinement-Fusion-March-10-2010.pdf,https://www.war.gov/medialink/ufo/sept-18/release-06/thumbs/DOW-UAP-D125_AAWSA-DIRD-Inertial-Electrostatic-Confinement-Fusion-March-10-2010.jpg,Cross-section diagram shows parts of a theoretical apparatus to confine a fusion reaction electrostatically.,260918-D-D0360-1114,
,TRUE,9/18/26,"DOW-UAP-D126, AAWSAP DIRD, Advanced Nuclear Propulsion for Manned Deep Space Missions, March 2010",PDF,,DOW-UAP-D110 | DOW-UAP-D111 | DOW-UAP-D112 | DOW-UAP-D113 | DOW-UAP-D114 | DOW-UAP-D115 | DOW-UAP-D116 | DOW-UAP-D117 | DOW-UAP-D118 | DOW-UAP-D119 | DOW-UAP-D120 | DOW-UAP-D121 | DOW-UAP-D122 | DOW-UAP-D123 | DOW-UAP-D124 | DOW-UAP-D125 | DOW-UAP-D127 | DOW-UAP-D128 | DOW-UAP-D129 | DOW-UAP-D130 | DOW-UAP-D131 | DOW-UAP-D132 | DOW-UAP-D133 | DOW-UAP-D134 | DOW-UAP-D135 | DOW-UAP-D136 | DOW-UAP-D137 | DOW-UAP-D138 | DOW-UAP-D139 | DOW-UAP-D140 | DOW-UAP-D141 | DOW-UAP-D142 | DOW-UAP-D143 | DOW-UAP-D144 | DOW-UAP-D145 | DOW-UAP-D146 | DOW-UAP-D147 | DOW-UAP-D148 | DOW-UAP-D149 | DOW-UAP-D150 | DOW-UAP-D151 | DOW-UAP-D152 | DOW-UAP-D153,"This document is a Defense Intelligence Reference Document (DIRD), a technical reference format used by the Defense Intelligence Agency (DIA) to capture baseline knowledge on a specific topic for later analytic use. DIRDs are best understood as reference and synthesis products rather than as original research. It is one of 38 DIRDs produced under the Advanced Aerospace Weapon System Applications Program (AAWSAP) between 2009 and 2011. Because AAWSAP’s scope permitted a broad range of supporting topics, not every DIRD in the series directly concerns aerospace systems or future threat assessment. The following summary reflects the DIRD’s scope and framing at the time of writing and should not be read as implying current validation of the concepts discussed.

This DIRD examines advanced nuclear propulsion for crewed deep-space travel and argues that human missions beyond the Moon would require propulsion systems with both very high thrust and very high specific impulse, which the author contends are difficult to achieve with conventional chemical, nuclear-thermal, and nuclear-electric systems. The report focuses on concepts derived from Project Orion, the discontinued General Atomics nuclear pulse propulsion study sponsored first by ARPA and later by the U.S. Air Force between 1958 and 1965, in which a spacecraft would be driven by repeated nuclear explosions. In this case, the DIRD emphasizes small non-fission-triggered fusion explosions using deuterium, magnetic mirrors, and other unconventional ignition concepts intended to avoid the inefficiencies associated with small fission devices. It presents these ideas as a possible pathway to crewed missions across the solar system, while also linking them to broader visions of long-range human expansion into space. The document is exploratory in character and depends on several unproven ignition methods, enabling technologies, and engineering assumptions. Overall, it is a theoretical examination of fusion-based pulse propulsion concepts rather than as a documentary account of a technology nearing practical realization.",,,Department of War,3/11/10,"Las Vegas, Nevada",https://www.war.gov/medialink/ufo/sept-18/release-06/assets/DOW-UAP-D126_AAWSAP-DIRD-Advanced-Nuclear-Propulsion-for-Manned-Deep-Space-Missions-March-11-2010.pdf,https://www.war.gov/medialink/ufo/sept-18/release-06/thumbs/DOW-UAP-D126_AAWSAP-DIRD-Advanced-Nuclear-Propulsion-for-Manned-Deep-Space-Missions-March-11-2010.jpg,Illustrations of engineering concepts designed  to withstand large energy differentials within a theoretical nuclear explosion-powered propulsion system for deep-space travel.,260918-D-D0360-1115,
,TRUE,9/18/26,"DOW-UAP-D127, AAWSAP DIRD, An Introduction to the Statistical Drake Equation, March 2010",PDF,,DOW-UAP-D110 | DOW-UAP-D111 | DOW-UAP-D112 | DOW-UAP-D113 | DOW-UAP-D114 | DOW-UAP-D115 | DOW-UAP-D116 | DOW-UAP-D117 | DOW-UAP-D118 | DOW-UAP-D119 | DOW-UAP-D120 | DOW-UAP-D121 | DOW-UAP-D122 | DOW-UAP-D123 | DOW-UAP-D124 | DOW-UAP-D125 | DOW-UAP-D126 | DOW-UAP-D128 | DOW-UAP-D129 | DOW-UAP-D130 | DOW-UAP-D131 | DOW-UAP-D132 | DOW-UAP-D133 | DOW-UAP-D134 | DOW-UAP-D135 | DOW-UAP-D136 | DOW-UAP-D137 | DOW-UAP-D138 | DOW-UAP-D139 | DOW-UAP-D140 | DOW-UAP-D141 | DOW-UAP-D142 | DOW-UAP-D143 | DOW-UAP-D144 | DOW-UAP-D145 | DOW-UAP-D146 | DOW-UAP-D147 | DOW-UAP-D148 | DOW-UAP-D149 | DOW-UAP-D150 | DOW-UAP-D151 | DOW-UAP-D152 | DOW-UAP-D153,"This document is a Defense Intelligence Reference Document (DIRD), a technical reference format used by the Defense Intelligence Agency (DIA) to capture baseline knowledge on a specific topic for later analytic use. DIRDs are best understood as reference and synthesis products rather than as original research. It is one of 38 DIRDs produced under the Advanced Aerospace Weapon System Applications Program (AAWSAP) between 2009 and 2011. Because AAWSAP’s scope permitted a broad range of supporting topics, not every DIRD in the series directly concerns aerospace systems or future threat assessment. The following summary reflects the DIRD’s scope and framing at the time of writing and should not be read as implying current validation of the concepts discussed.

This DIRD introduces the Drake Equation, a well-known thought framework for estimating how many communicative extraterrestrial civilizations might exist in the galaxy. It reformulates the equation in statistical terms, arguing that the usual approach of assigning fixed values to its variables is too simplistic because major inputs are uncertain and are better modeled as probability distributions. Using that approach, it concludes that, if one accepts the underlying logic of the Drake Equation, the estimated number of communicating civilizations should be treated as a range of possible values, and that the likely distance between neighboring civilizations can likewise be expressed statistically rather than as a single figure. The document is primarily a mathematical and methodological exercise, and its worked examples rely on assumed values to illustrate the framework rather than to establish a firm astrophysical estimate. Overall, it is an attempt to formalize uncertainty within the Drake framework rather than an attempt to bound the actual likelihood, prevalence, or proximity of extraterrestrial civilizations.",,,Department of War,3/11/10,"Las Vegas, Nevada",https://www.war.gov/medialink/ufo/sept-18/release-06/assets/DOW-UAP-D127_AAWSAP-DIRD-An-Introduction-to-the-Statistical-Drake-Equation-March-11-2010.pdf,https://www.war.gov/medialink/ufo/sept-18/release-06/thumbs/DOW-UAP-D127_AAWSAP-DIRD-An-Introduction-to-the-Statistical-Drake-Equation-March-11-2010.jpg,A statistical treatment of the Drake thought framework for estimating the number and proximity of communicative extraterrestrial civilizations.,260918-D-D0360-1116,
,TRUE,9/18/26,"DOW-UAP-D128, AAWSAP DIRD, Anomalous Acute and Subacute Field Effects on Human Biological Tissues, March 2010",PDF,,DOW-UAP-D110 | DOW-UAP-D111 | DOW-UAP-D112 | DOW-UAP-D113 | DOW-UAP-D114 | DOW-UAP-D115 | DOW-UAP-D116 | DOW-UAP-D117 | DOW-UAP-D118 | DOW-UAP-D119 | DOW-UAP-D120 | DOW-UAP-D121 | DOW-UAP-D122 | DOW-UAP-D123 | DOW-UAP-D124 | DOW-UAP-D125 | DOW-UAP-D126 | DOW-UAP-D127 | DOW-UAP-D129 | DOW-UAP-D130 | DOW-UAP-D131 | DOW-UAP-D132 | DOW-UAP-D133 | DOW-UAP-D134 | DOW-UAP-D135 | DOW-UAP-D136 | DOW-UAP-D137 | DOW-UAP-D138 | DOW-UAP-D139 | DOW-UAP-D140 | DOW-UAP-D141 | DOW-UAP-D142 | DOW-UAP-D143 | DOW-UAP-D144 | DOW-UAP-D145 | DOW-UAP-D146 | DOW-UAP-D147 | DOW-UAP-D148 | DOW-UAP-D149 | DOW-UAP-D150 | DOW-UAP-D151 | DOW-UAP-D152 | DOW-UAP-D153,"This document is a Defense Intelligence Reference Document (DIRD), a technical reference format used by the Defense Intelligence Agency (DIA) to capture baseline knowledge on a specific topic for later analytic use. DIRDs are best understood as reference and synthesis products rather than as original research. It is one of 38 DIRDs produced under the Advanced Aerospace Weapon System Applications Program (AAWSAP) between 2009 and 2011. Because AAWSAP’s scope permitted a broad range of supporting topics, not every DIRD in the series directly concerns aerospace systems or future threat assessment. The following summary reflects the DIRD’s scope and framing at the time of writing and should not be read as implying current validation of the concepts discussed.
This DIRD surveys reported acute and subacute injuries allegedly associated with close exposure to anomalous field effects, attempting to draw tentative parallels between these claimed symptoms and the known physiological effects of intense radiofrequency .and microwave exposure on human tissue. By reviewing medical and biophysical literature on heating, burns, neurological effects, and sensory disturbances, the report speculates on theoretical mechanisms by which intense electromagnetic fields might account for some of the reported injury patterns, though it does not establish a direct causal link between the reported injuries and any specific source. It hypothesizes that clinical symptoms and reported exposure circumstances might allow for highly constrained, limited inferences regarding the characteristics of an unknown emitter or propulsion system. Notably, the document’s findings rely heavily on case comparisons lacking physical examinations, untestable exposure conditions, and a mix of established science and more controversial literature. These comparisons are then extended to anomalous-craft scenarios, attempting to map known electromagnetic injury mechanisms onto anomalous encounter claims that lack independent scientific validation in the report.",,,Department of War,3/11/10,"Las Vegas, Nevada",https://www.war.gov/medialink/ufo/sept-18/release-06/assets/DOW-UAP-D128_AAWSAP-DIRD-Anomalous-Acute-and-Subacute-Field-Effects-on-Human-Biological-Tissues-March-11-2010.pdf,https://www.war.gov/medialink/ufo/sept-18/release-06/thumbs/DOW-UAP-D128_AAWSAP-DIRD-Anomalous-Acute-and-Subacute-Field-Effects-on-Human-Biological-Tissues- March-11-2010.jpg,Text page discusses how electromagnetic fields may induce physical sensations or subacute injuries in people and animals.,260918-D-D0360-1117,
,TRUE,9/18/26,"DOW-UAP-D130, AAWSAP DIRD, Technological Approaches to Controlling External Devices, March 2010",PDF,,DOW-UAP-D110 | DOW-UAP-D111 | DOW-UAP-D112 | DOW-UAP-D113 | DOW-UAP-D114 | DOW-UAP-D115 | DOW-UAP-D116 | DOW-UAP-D117 | DOW-UAP-D118 | DOW-UAP-D119 | DOW-UAP-D120 | DOW-UAP-D121 | DOW-UAP-D122 | DOW-UAP-D123 | DOW-UAP-D124 | DOW-UAP-D125 | DOW-UAP-D126 | DOW-UAP-D127 | DOW-UAP-D128 | DOW-UAP-D129 | DOW-UAP-D131 | DOW-UAP-D132 | DOW-UAP-D133 | DOW-UAP-D134 | DOW-UAP-D135 | DOW-UAP-D136 | DOW-UAP-D137 | DOW-UAP-D138 | DOW-UAP-D139 | DOW-UAP-D140 | DOW-UAP-D141 | DOW-UAP-D142 | DOW-UAP-D143 | DOW-UAP-D144 | DOW-UAP-D145 | DOW-UAP-D146 | DOW-UAP-D147 | DOW-UAP-D148 | DOW-UAP-D149 | DOW-UAP-D150 | DOW-UAP-D151 | DOW-UAP-D152 | DOW-UAP-D153,"This document is a Defense Intelligence Reference Document (DIRD), a technical reference format used by the Defense Intelligence Agency (DIA) to capture baseline knowledge on a specific topic for later analytic use. DIRDs are best understood as reference and synthesis products rather than as original research. It is one of 38 DIRDs produced under the Advanced Aerospace Weapon System Applications Program (AAWSAP) between 2009 and 2011. Because AAWSAP’s scope permitted a broad range of supporting topics, not every DIRD in the series directly concerns aerospace systems or future threat assessment. The following summary reflects the DIRD’s scope and framing at the time of writing and should not be read as implying current validation of the concepts discussed.

This DIRD surveys brain-machine interface technologies intended to allow users to control external devices without conventional manual controls, and it evaluates both noninvasive and invasive approaches for turning neural or related physiological signals into usable commands. The report reviews the underlying neural signals, distinguishes between open- and closed-loop control systems, and examines technologies including scalp-based electrical recording, magnetic and imaging-based methods, and implanted cortical interfaces, with particular attention to bandwidth, response time, signal quality, and practical usability. It concludes that, in the near term, the most practical systems are likely to be noninvasive electrical approaches that draw heavily on muscle and neural signals, while longer-term high-bandwidth control would likely require more advanced invasive interfaces capable of robust two-way communication with individual neurons. The document presents thought-based control of external devices as a research field with plausible assistive and specialized applications, while emphasizing that naturalistic, high-performance control remained constrained by major technical and physiological limits.",,,Department of War,3/23/10,"Las Vegas, Nevada",https://www.war.gov/medialink/ufo/sept-18/release-06/assets/DOW-UAP-D130_AAWSAP-DIRD-Technological-Approaches-to-Controlling-External-Devices-March-23-2010.pdf,https://www.war.gov/medialink/ufo/sept-18/release-06/thumbs/DOW-UAP-D130_AAWSAP-DIRD-Technological-Approaches-to-Controlling-External-Devices-March-23-2010.jpg,A diagram describing the directionality of signal transmission within biological systems.,260918-D-D0360-1119,
,TRUE,9/18/26,"DOW-UAP-D131, AAWSAP DIRD, The Role of Superconductors in Gravity Research, March 2010",PDF,,DOW-UAP-D110 | DOW-UAP-D111 | DOW-UAP-D112 | DOW-UAP-D113 | DOW-UAP-D114 | DOW-UAP-D115 | DOW-UAP-D116 | DOW-UAP-D117 | DOW-UAP-D118 | DOW-UAP-D119 | DOW-UAP-D120 | DOW-UAP-D121 | DOW-UAP-D122 | DOW-UAP-D123 | DOW-UAP-D124 | DOW-UAP-D125 | DOW-UAP-D126 | DOW-UAP-D127 | DOW-UAP-D128 | DOW-UAP-D129 | DOW-UAP-D130 | DOW-UAP-D132 | DOW-UAP-D133 | DOW-UAP-D134 | DOW-UAP-D135 | DOW-UAP-D136 | DOW-UAP-D137 | DOW-UAP-D138 | DOW-UAP-D139 | DOW-UAP-D140 | DOW-UAP-D141 | DOW-UAP-D142 | DOW-UAP-D143 | DOW-UAP-D144 | DOW-UAP-D145 | DOW-UAP-D146 | DOW-UAP-D147 | DOW-UAP-D148 | DOW-UAP-D149 | DOW-UAP-D150 | DOW-UAP-D151 | DOW-UAP-D152 | DOW-UAP-D153,"This document is a Defense Intelligence Reference Document (DIRD), a technical reference format used by the Defense Intelligence Agency (DIA) to capture baseline knowledge on a specific topic for later analytic use. DIRDs are best understood as reference and synthesis products rather than as original research. It is one of 38 DIRDs produced under the Advanced Aerospace Weapon System Applications Program (AAWSAP) between 2009 and 2011. Because AAWSAP’s scope permitted a broad range of supporting topics, not every DIRD in the series directly concerns aerospace systems or future threat assessment. The following summary reflects the DIRD’s scope and framing at the time of writing and should not be read as implying current validation of the concepts discussed.

This DIRD is a historical survey of efforts to determine whether superconductors might play a role in producing, detecting, or modifying gravity-related effects in a laboratory setting. It reviews the main theoretical and experimental lines of work in that area and attempts to connect superconducting materials with gravitational-wave or propulsion-related concepts. Because the topic is highly contested within the scientific literature, the report spends substantial attention on experiments of disputed value and on controversial theories, especially claims that rotating or energized superconductors might generate anomalous gravitational effects. Overall, the document treats the subject as an exploratory research area with potentially major implications if any real effect were verified, while also making clear that the evidentiary base remained weak, that prominent claims had not been convincingly replicated, and that both the underlying theory and the experimental record remained deeply disputed.",,,Department of War,3/23/10,"Las Vegas, Nevada",https://www.war.gov/medialink/ufo/sept-18/release-06/assets/DOW-UAP-D131_AAWSAP-DIRD-The-Role-of-Superconductors-in-Gravity-Research-March-23-2010.pdf,https://www.war.gov/medialink/ufo/sept-18/release-06/thumbs/DOW-UAP-D131_AAWSAP-DIRD-The-Role-of-Superconductors-in-Gravity-Research-March-23-2010.jpg,Text defining gravity waves and gravitoelectromagnetism and describing their relationship with superconductors.,260918-D-D0360-1120,
,TRUE,9/18/26,"DOW-UAP-D132, AAWSAP DIRD, Advanced Space Propulsion Based on Vacuum (Spacetime Metric) Engineering, March 2010",PDF,,DOW-UAP-D110 | DOW-UAP-D111 | DOW-UAP-D112 | DOW-UAP-D113 | DOW-UAP-D114 | DOW-UAP-D115 | DOW-UAP-D116 | DOW-UAP-D117 | DOW-UAP-D118 | DOW-UAP-D119 | DOW-UAP-D120 | DOW-UAP-D121 | DOW-UAP-D122 | DOW-UAP-D123 | DOW-UAP-D124 | DOW-UAP-D125 | DOW-UAP-D126 | DOW-UAP-D127 | DOW-UAP-D128 | DOW-UAP-D129 | DOW-UAP-D130 | DOW-UAP-D131 | DOW-UAP-D133 | DOW-UAP-D134 | DOW-UAP-D135 | DOW-UAP-D136 | DOW-UAP-D137 | DOW-UAP-D138 | DOW-UAP-D139 | DOW-UAP-D140 | DOW-UAP-D141 | DOW-UAP-D142 | DOW-UAP-D143 | DOW-UAP-D144 | DOW-UAP-D145 | DOW-UAP-D146 | DOW-UAP-D147 | DOW-UAP-D148 | DOW-UAP-D149 | DOW-UAP-D150 | DOW-UAP-D151 | DOW-UAP-D152 | DOW-UAP-D153,"This document is a Defense Intelligence Reference Document (DIRD), a technical reference format used by the Defense Intelligence Agency (DIA) to capture baseline knowledge on a specific topic for later analytic use. DIRDs are best understood as reference and synthesis products rather than as original research. It is one of 38 DIRDs produced under the Advanced Aerospace Weapon System Applications Program (AAWSAP) between 2009 and 2011. Because AAWSAP’s scope permitted a broad range of supporting topics, not every DIRD in the series directly concerns aerospace systems or future threat assessment. The following summary reflects the DIRD’s scope and framing at the time of writing and should not be read as implying current validation of the concepts discussed.

This DIRD examines the idea of vacuum or spacetime-metric engineering: the possibility that an unspecified future technology might alter the structure of spacetime in ways useful for propulsion, power generation, or extremely rapid long-distance travel. Using general relativity as a model-independent framework, it explores the physical effects that would theoretically follow if such metric changes could be artificially induced, including altered time rates, changes in effective mass, modified light propagation, gravity-like effects, and warp-drive propulsion. The document does not propose any mechanism for generating these effects and treats these physical consequences as an assumed result of spacetime manipulation rather than as the outcome of a practical engineering pathway. It also emphasizes that the energy requirements predicted by current theory to create such effects are far beyond existing technological capability.",,,Department of War,3/29/10,"Las Vegas, Nevada",https://www.war.gov/medialink/ufo/sept-18/release-06/assets/DOW-UAP-D132_AAWSAP-DIRD-Advanced-Space-Propulsion-Based-on-Vacuum-Spacetime Metric-Engineering-March-29-2010.pdf,https://www.war.gov/medialink/ufo/sept-18/release-06/thumbs/DOW-UAP-D132_AAWSAP-DIRD-Advanced-Space-Propulsion-Based-on-Vacuum-Spacetime Metric-Engineering-March-29-2010.jpg,"Diagram shows the influence of the curvature of spacetime on the propogation of light, demonstrating light bending around a very massive object.",260918-D-D0360-1121,
,TRUE,9/18/26,"DOW-UAP-D133, AAWSAP DIRD, The Space Communication Implications of Quantum Entanglement and Nonlocality, March 2010",PDF,,DOW-UAP-D110 | DOW-UAP-D111 | DOW-UAP-D112 | DOW-UAP-D113 | DOW-UAP-D114 | DOW-UAP-D115 | DOW-UAP-D116 | DOW-UAP-D117 | DOW-UAP-D118 | DOW-UAP-D119 | DOW-UAP-D120 | DOW-UAP-D121 | DOW-UAP-D122 | DOW-UAP-D123 | DOW-UAP-D124 | DOW-UAP-D125 | DOW-UAP-D126 | DOW-UAP-D127 | DOW-UAP-D128 | DOW-UAP-D129 | DOW-UAP-D130 | DOW-UAP-D131 | DOW-UAP-D132 | DOW-UAP-D134 | DOW-UAP-D135 | DOW-UAP-D136 | DOW-UAP-D137 | DOW-UAP-D138 | DOW-UAP-D139 | DOW-UAP-D140 | DOW-UAP-D141 | DOW-UAP-D142 | DOW-UAP-D143 | DOW-UAP-D144 | DOW-UAP-D145 | DOW-UAP-D146 | DOW-UAP-D147 | DOW-UAP-D148 | DOW-UAP-D149 | DOW-UAP-D150 | DOW-UAP-D151 | DOW-UAP-D152 | DOW-UAP-D153,"This document is a Defense Intelligence Reference Document (DIRD), a technical reference format used by the Defense Intelligence Agency (DIA) to capture baseline knowledge on a specific topic for later analytic use. DIRDs are best understood as reference and synthesis products rather than as original research. It is one of 38 DIRDs produced under the Advanced Aerospace Weapon System Applications Program (AAWSAP) between 2009 and 2011. Because AAWSAP’s scope permitted a broad range of supporting topics, not every DIRD in the series directly concerns aerospace systems or future threat assessment. The following summary reflects the DIRD’s scope and framing at the time of writing and should not be read as implying current validation of the concepts discussed.

This DIRD reviews quantum entanglement and nonlocality with a focus on whether those phenomena might be usable as a means of faster-than-light communication between observers, especially for real-time space operations over interplanetary distances. The report surveys the relevant quantum experiments and no-signal theorems, then examines proposed communication schemes based mainly on momentum-entangled photons, including scenarios involving superluminal and retro-causal signaling. However, it repeatedly acknowledges that the central question remains unresolved experimentally, and it gives substantial attention to the coherence-versus-entanglement tradeoff and other features of standard quantum mechanics that may prevent usable signaling even if non-local correlations are experimentally validated. Overall, the document is an exploratory analysis of whether quantum nonlocality could conceivably support a practical communications application rather than a demonstration of prospective utility.",,,Department of War,3/30/10,"Las Vegas, Nevada",https://www.war.gov/medialink/ufo/sept-18/release-06/assets/DOW-UAP-D133_AAWSAP-DIRD-The-Space-Communication-Implications-of-Quantum-Entanglement-and-Nonlocality-March-30-2010.pdf,https://www.war.gov/medialink/ufo/sept-18/release-06/thumbs/DOW-UAP-D133_AAWSAP-DIRD-The-Space-Communication-Implications-of-Quantum-Entanglement-and-Nonlocality-March-30-2010.jpg,Description of experimental models testing non-locality of entangled systems. Includes a diagram of a 1998 experiment using photon detector arrays.,260918-D-D0360-1122,
,TRUE,9/18/26,"DOW-UAP-D134, AAWSAP DIRD, Maverick Inventor Versus Corporate Inventor: Where Will the Next Major Innovations Arise, March 2010",PDF,,DOW-UAP-D110 | DOW-UAP-D111 | DOW-UAP-D112 | DOW-UAP-D113 | DOW-UAP-D114 | DOW-UAP-D115 | DOW-UAP-D116 | DOW-UAP-D117 | DOW-UAP-D118 | DOW-UAP-D119 | DOW-UAP-D120 | DOW-UAP-D121 | DOW-UAP-D122 | DOW-UAP-D123 | DOW-UAP-D124 | DOW-UAP-D125 | DOW-UAP-D126 | DOW-UAP-D127 | DOW-UAP-D128 | DOW-UAP-D129 | DOW-UAP-D130 | DOW-UAP-D131 | DOW-UAP-D132 | DOW-UAP-D133 | DOW-UAP-D135 | DOW-UAP-D136 | DOW-UAP-D137 | DOW-UAP-D138 | DOW-UAP-D139 | DOW-UAP-D140 | DOW-UAP-D141 | DOW-UAP-D142 | DOW-UAP-D143 | DOW-UAP-D144 | DOW-UAP-D145 | DOW-UAP-D146 | DOW-UAP-D147 | DOW-UAP-D148 | DOW-UAP-D149 | DOW-UAP-D150 | DOW-UAP-D151 | DOW-UAP-D152 | DOW-UAP-D153,"This document is a Defense Intelligence Reference Document (DIRD), a technical reference format used by the Defense Intelligence Agency (DIA) to capture baseline knowledge on a specific topic for later analytic use. DIRDs are best understood as reference and synthesis products rather than as original research. It is one of 38 DIRDs produced under the Advanced Aerospace Weapon System Applications Program (AAWSAP) between 2009 and 2011. Because AAWSAP’s scope permitted a broad range of supporting topics, not every DIRD in the series directly concerns aerospace systems or future threat assessment. The following summary reflects the DIRD’s scope and framing at the time of writing and should not be read as implying current validation of the concepts discussed.

This DIRD compares lone “maverick” inventors with researchers working inside larger organizations in order to ask where major future breakthroughs are most likely to come from, especially in unconventional energy and propulsion. It concludes that the strongest candidates are technically trained, relatively independent, and flexible researchers working with some freedom from institutional constraint. Because that preferred profile closely resembles the kind of researcher who appears to have authored or shaped much of the broader AAWSAP DIRD effort, the document reflects a notable methodological circularity, validating the program’s operational model rather than neutrally assessing the innovation ecosystem.",,,Department of War,3/30/10,"Las Vegas, Nevada",https://www.war.gov/medialink/ufo/sept-18/release-06/assets/DOW-UAP-D134_AAWSAP-DIRD-Maverick-Inventor-Versus-Corporate-Inventor-Where-Will-the-Next-Major-Innovations-Arise-March-30-2010.pdf,https://www.war.gov/medialink/ufo/sept-18/release-06/thumbs/DOW-UAP-D134_AAWSAP-DIRD-Maverick-Inventor-Versus-Corporate-Inventor-Where-Will-the-Next-Major-Innovations-Arise-March-30-2010.jpg,A comparison between independent inventors and those with institutional or corporate backing.,260918-D-D0360-1123,
,TRUE,9/18/26,"DOW-UAP-D135, AAWSAP DIRD, Antigravity for Aerospace Applications, March 2010",PDF,,DOW-UAP-D110 | DOW-UAP-D111 | DOW-UAP-D112 | DOW-UAP-D113 | DOW-UAP-D114 | DOW-UAP-D115 | DOW-UAP-D116 | DOW-UAP-D117 | DOW-UAP-D118 | DOW-UAP-D119 | DOW-UAP-D120 | DOW-UAP-D121 | DOW-UAP-D122 | DOW-UAP-D123 | DOW-UAP-D124 | DOW-UAP-D125 | DOW-UAP-D126 | DOW-UAP-D127 | DOW-UAP-D128 | DOW-UAP-D129 | DOW-UAP-D130 | DOW-UAP-D131 | DOW-UAP-D132 | DOW-UAP-D133 | DOW-UAP-D134 | DOW-UAP-D136 | DOW-UAP-D137 | DOW-UAP-D138 | DOW-UAP-D139 | DOW-UAP-D140 | DOW-UAP-D141 | DOW-UAP-D142 | DOW-UAP-D143 | DOW-UAP-D144 | DOW-UAP-D145 | DOW-UAP-D146 | DOW-UAP-D147 | DOW-UAP-D148 | DOW-UAP-D149 | DOW-UAP-D150 | DOW-UAP-D151 | DOW-UAP-D152 | DOW-UAP-D153,"This document is a Defense Intelligence Reference Document (DIRD), a technical reference format used by the Defense Intelligence Agency (DIA) to capture baseline knowledge on a specific topic for later analytic use. DIRDs are best understood as reference and synthesis products rather than as original research. It is one of 38 DIRDs produced under the Advanced Aerospace Weapon System Applications Program (AAWSAP) between 2009 and 2011. Because AAWSAP’s scope permitted a broad range of supporting topics, not every DIRD in the series directly concerns aerospace systems or future threat assessment. The following summary reflects the DIRD’s scope and framing at the time of writing and should not be read as implying current validation of the concepts discussed.

This DIRD surveys a range of proposed “antigravity,” or gravitational control, concepts for aerospace applications, drawing mainly from Newtonian gravity, general relativity, cosmology, and quantum field theory to hypothesize that gravity might someday be reduced, counteracted, or redirected as a means of propulsion. The report reviews mechanisms including ultra-dense matter, gravitomagnetic effects, relativistic moving masses, negative energy, dark or vacuum energy, and quantum vacuum or dispersion-force approaches, while presenting some of these ideas as theoretically permissible under extreme, idealized conditions within established physics. However, it notes that any practical implementation faces currently insurmountable engineering barriers, including astronomical energy requirements, currently unproven exotic matter conditions, kilometer-scale or otherwise unbuildable apparatuses, and highly immature experimental foundations. Although the report draws on broadly accepted theoretical concepts, its implication that those concepts might eventually yield viable “antigravity” propulsion systems deviates significantly from mainstream physics consensus.",,,Department of War,3/30/10,"Las Vegas, Nevada",https://www.war.gov/medialink/ufo/sept-18/release-06/assets/DOW-UAP-D135_ AAWSAP-DIRD-Antigravity-for-Aerospace-Applications-March-30-2010-V2.pdf,https://www.war.gov/medialink/ufo/sept-18/release-06/thumbs/DOW-UAP-D135_ AAWSAP-DIRD-Antigravity-for-Aerospace-Applications-March-30-2010-V2.jpg,Diagram shows a ring-shaped dipole gravitational field generator. The text suggests that extremely high-density exotic matter would be required to achieve an antigravitational acceleration. ,260918-D-D0360-1124,
,TRUE,9/18/26,"DOW-UAP-D136, AAWSAP DIRD, Biosensors and BioMEMS: A Survey of the Present Field, March 2010",PDF,,DOW-UAP-D110 | DOW-UAP-D111 | DOW-UAP-D112 | DOW-UAP-D113 | DOW-UAP-D114 | DOW-UAP-D115 | DOW-UAP-D116 | DOW-UAP-D117 | DOW-UAP-D118 | DOW-UAP-D119 | DOW-UAP-D120 | DOW-UAP-D121 | DOW-UAP-D122 | DOW-UAP-D123 | DOW-UAP-D124 | DOW-UAP-D125 | DOW-UAP-D126 | DOW-UAP-D127 | DOW-UAP-D128 | DOW-UAP-D129 | DOW-UAP-D130 | DOW-UAP-D131 | DOW-UAP-D132 | DOW-UAP-D133 | DOW-UAP-D134 | DOW-UAP-D135 | DOW-UAP-D137 | DOW-UAP-D138 | DOW-UAP-D139 | DOW-UAP-D140 | DOW-UAP-D141 | DOW-UAP-D142 | DOW-UAP-D143 | DOW-UAP-D144 | DOW-UAP-D145 | DOW-UAP-D146 | DOW-UAP-D147 | DOW-UAP-D148 | DOW-UAP-D149 | DOW-UAP-D150 | DOW-UAP-D151 | DOW-UAP-D152 | DOW-UAP-D153,"This document is a Defense Intelligence Reference Document (DIRD), a technical reference format used by the Defense Intelligence Agency (DIA) to capture baseline knowledge on a specific topic for later analytic use. DIRDs are best understood as reference and synthesis products rather than as original research. It is one of 38 DIRDs produced under the Advanced Aerospace Weapon System Applications Program (AAWSAP) between 2009 and 2011. Because AAWSAP’s scope permitted a broad range of supporting topics, not every DIRD in the series directly concerns aerospace systems or future threat assessment. The following summary reflects the DIRD’s scope and framing at the time of writing and should not be read as implying current validation of the concepts discussed.

This DIRD surveys biosensors and BioMEMS, a broad class of miniature biomedical devices that combine microscale engineering with sensing, fluid handling, stimulation, or drug-delivery functions. The report reviews major application areas including implantable blood-chemistry sensors, neural interfaces, neurostimulation, drug-delivery pumps, microfluidic systems, and emerging nanoscale extensions of the field, while emphasizing that miniaturization can improve sensitivity and enable functions that are difficult or impossible at larger scales. However, it also makes clear that practical development is constrained by biocompatibility, long-term stability, sensor drift, device degradation inside the body, and the high regulatory burden associated with implantable medical systems. The document presents BioMEMS as a rapidly growing and productive field whose future advances are likely to come through continued improvements in fabrication, materials, and reliability.",,,Department of War,3/31/10,"Las Vegas, Nevada",https://www.war.gov/medialink/ufo/sept-18/release-06/assets/DOW-UAP-D136_AAWSAP-DIRD-Biosensors-and-BioMEMS-A-Survey-of-the-Present-Field-March-31-2010.pdf,https://www.war.gov/medialink/ufo/sept-18/release-06/thumbs/DOW-UAP-D136_AAWSAP-DIRD-Biosensors-and-BioMEMS-A-Survey-of-the-Present-Field-March-31-2010.jpg,"Diagrams show small machines to enable a proposed ""neural probe chip.""",260918-D-D0360-1125,
,TRUE,9/18/26,"DOW-UAP-D137, AAWSAP DIRD, State of the Art and Evolution of High-Energy Lasers, March 2010",PDF,,DOW-UAP-D110 | DOW-UAP-D111 | DOW-UAP-D112 | DOW-UAP-D113 | DOW-UAP-D114 | DOW-UAP-D115 | DOW-UAP-D116 | DOW-UAP-D117 | DOW-UAP-D118 | DOW-UAP-D119 | DOW-UAP-D120 | DOW-UAP-D121 | DOW-UAP-D122 | DOW-UAP-D123 | DOW-UAP-D124 | DOW-UAP-D125 | DOW-UAP-D126 | DOW-UAP-D127 | DOW-UAP-D128 | DOW-UAP-D129 | DOW-UAP-D130 | DOW-UAP-D131 | DOW-UAP-D132 | DOW-UAP-D133 | DOW-UAP-D134 | DOW-UAP-D135 | DOW-UAP-D136 | DOW-UAP-D138 | DOW-UAP-D139 | DOW-UAP-D140 | DOW-UAP-D141 | DOW-UAP-D142 | DOW-UAP-D143 | DOW-UAP-D144 | DOW-UAP-D145 | DOW-UAP-D146 | DOW-UAP-D147 | DOW-UAP-D148 | DOW-UAP-D149 | DOW-UAP-D150 | DOW-UAP-D151 | DOW-UAP-D152 | DOW-UAP-D153,"This document is a Defense Intelligence Reference Document (DIRD), a technical reference format used by the Defense Intelligence Agency (DIA) to capture baseline knowledge on a specific topic for later analytic use. DIRDs are best understood as reference and synthesis products rather than as original research. It is one of 38 DIRDs produced under the Advanced Aerospace Weapon System Applications Program (AAWSAP) between 2009 and 2011. Because AAWSAP’s scope permitted a broad range of supporting topics, not every DIRD in the series directly concerns aerospace systems or future threat assessment. The following summary reflects the DIRD’s scope and framing at the time of writing and should not be read as implying current validation of the concepts discussed.

This DIRD surveys the development of high-energy laser weapons and notes that, although lasers had already become important military tools for ranging, guidance, and other lower-power uses, true weapon-class systems remained limited by power generation, beam control, atmospheric propagation, and logistics. The report reviews major laser types along with the optical, tracking, and thermal-management systems needed to make them militarily useful. It argues that high-energy lasers can offer important advantages over kinetic weapons in speed, precision, and low collateral damage, especially against softer or fast-moving targets, while also emphasizing that practical deployment has long been hindered by hazardous chemical fuels, thermal blooming in the atmosphere, power-supply constraints for mobile systems, and waste-heat removal.",,,Department of War,3/31/10,"Las Vegas, Nevada",https://www.war.gov/medialink/ufo/sept-18/release-06/assets/DOW-UAP-D137_AAWSAP-DIRD-State-of-the-Art-and-Evolution-of-High-Energy-Lasers-March-31-2010.pdf,https://www.war.gov/medialink/ufo/sept-18/release-06/thumbs/DOW-UAP-D137_AAWSAP-DIRD-State-of-the-Art-and-Evolution-of-High-Energy-Lasers-March-31-2010.jpg,Diagram shows a cylindrical gain generator for a chemical laser system.,260918-D-D0360-1126,
,TRUE,9/18/26,"DOW-UAP-D138, AAWSAP DIRD, Warp Drive, Dark Energy, and the Manipulation of Extra Dimensions, April 2010",PDF,,DOW-UAP-D110 | DOW-UAP-D111 | DOW-UAP-D112 | DOW-UAP-D113 | DOW-UAP-D114 | DOW-UAP-D115 | DOW-UAP-D116 | DOW-UAP-D117 | DOW-UAP-D118 | DOW-UAP-D119 | DOW-UAP-D120 | DOW-UAP-D121 | DOW-UAP-D122 | DOW-UAP-D123 | DOW-UAP-D124 | DOW-UAP-D125 | DOW-UAP-D126 | DOW-UAP-D127 | DOW-UAP-D128 | DOW-UAP-D129 | DOW-UAP-D130 | DOW-UAP-D131 | DOW-UAP-D132 | DOW-UAP-D133 | DOW-UAP-D134 | DOW-UAP-D135 | DOW-UAP-D136 | DOW-UAP-D137 | DOW-UAP-D139 | DOW-UAP-D140 | DOW-UAP-D141 | DOW-UAP-D142 | DOW-UAP-D143 | DOW-UAP-D144 | DOW-UAP-D145 | DOW-UAP-D146 | DOW-UAP-D147 | DOW-UAP-D148 | DOW-UAP-D149 | DOW-UAP-D150 | DOW-UAP-D151 | DOW-UAP-D152 | DOW-UAP-D153,"This document is a Defense Intelligence Reference Document (DIRD), a technical reference format used by the Defense Intelligence Agency (DIA) to capture baseline knowledge on a specific topic for later analytic use. DIRDs are best understood as reference and synthesis products rather than as original research. It is one of 38 DIRDs produced under the Advanced Aerospace Weapon System Applications Program (AAWSAP) between 2009 and 2011. Because AAWSAP’s scope permitted a broad range of supporting topics, not every DIRD in the series directly concerns aerospace systems or future threat assessment. The following summary reflects the DIRD’s scope and framing at the time of writing and should not be read as implying current validation of the concepts discussed.

This DIRD examines whether a warp-propulsion concept can be grounded in known theoretical physics by linking general-relativistic warp metrics with dark energy, Casimir effects, and higher-dimensional models from string theory and brane cosmology. The paper hypothesizes that if dark energy arises from vacuum effects and originates in extra dimensions, then a future technology capable of manipulating those dimensions might be capable of altering local spacetime expansion to generate a warp bubble. While framed as a method to mitigate the astronomical energy demands of more traditional warp models, the report acknowledges that this concept relies entirely on unverified assumptions; namely, the physical reality, stability, and macroscopic controllability of extra dimensions. Consequently, while the paper draws on mainstream theoretical physics concepts, the speculative chain linking them lacks empirical support and offers no viable engineering pathway toward a functioning propulsion system.",,,Department of War,4/2/10,"Las Vegas, Nevada",https://www.war.gov/medialink/ufo/sept-18/release-06/assets/DOW-UAP-D138_AAWSAP-DIRD-Warp-Drive-Dark-Energy-and-the-Manipulation-of-Extra-Dimensions-April-2-2010.pdf,https://www.war.gov/medialink/ufo/sept-18/release-06/thumbs/DOW-UAP-D138_AAWSAP-DIRD-Warp-Drive-Dark-Energy-and-the-Manipulation-of-Extra-Dimensions-April-2-2010.jpg,An artist's conception of a future spacecraft design depicted altering local spacetime conditions to achieve luperluminal speeds.,260918-D-D0360-1127,
,TRUE,9/18/26,"DOW-UAP-D139, AAWSAP DIRD, Traversable Wormholes, Stargates, and Negative Energy, April 2010",PDF,,DOW-UAP-D110 | DOW-UAP-D111 | DOW-UAP-D112 | DOW-UAP-D113 | DOW-UAP-D114 | DOW-UAP-D115 | DOW-UAP-D116 | DOW-UAP-D117 | DOW-UAP-D118 | DOW-UAP-D119 | DOW-UAP-D120 | DOW-UAP-D121 | DOW-UAP-D122 | DOW-UAP-D123 | DOW-UAP-D124 | DOW-UAP-D125 | DOW-UAP-D126 | DOW-UAP-D127 | DOW-UAP-D128 | DOW-UAP-D129 | DOW-UAP-D130 | DOW-UAP-D131 | DOW-UAP-D132 | DOW-UAP-D133 | DOW-UAP-D134 | DOW-UAP-D135 | DOW-UAP-D136 | DOW-UAP-D137 | DOW-UAP-D138 | DOW-UAP-D140 | DOW-UAP-D141 | DOW-UAP-D142 | DOW-UAP-D143 | DOW-UAP-D144 | DOW-UAP-D145 | DOW-UAP-D146 | DOW-UAP-D147 | DOW-UAP-D148 | DOW-UAP-D149 | DOW-UAP-D150 | DOW-UAP-D151 | DOW-UAP-D152 | DOW-UAP-D153,"This document is a Defense Intelligence Reference Document (DIRD), a technical reference format used by the Defense Intelligence Agency (DIA) to capture baseline knowledge on a specific topic for later analytic use. DIRDs are best understood as reference and synthesis products rather than as original research. It is one of 38 DIRDs produced under the Advanced Aerospace Weapon System Applications Program (AAWSAP) between 2009 and 2011. Because AAWSAP’s scope permitted a broad range of supporting topics, not every DIRD in the series directly concerns aerospace systems or future threat assessment. The following summary reflects the DIRD’s scope and framing at the time of writing and should not be read as implying current validation of the concepts discussed.

This DIRD examines traversable wormholes and “stargates” as hypothetical spacetime structures within general relativity that theoretically offer a means of faster-than-light travel or communication. The report focuses extensively on the requirement for exotic, negative-energy matter to stabilize and keep such geometries open for the passage of macro-scale objects. It reviews standard wormhole models, describes a flat-throated “stargate” variant, and argues that violations of general relativity's standard energy conditions do not physically rule such structures out, citing microscopic, transient negative-energy effects observed in Casimir-type laboratory phenomena. However, the document acknowledges that the transition from microscopic quantum fluctuations to macroscopic engineering is an unresolved barrier. While small-scale negative-energy effects are observable, there is no known mechanism to generate, concentrate, or stabilize the amounts of exotic matter proposed to be required to sustain a traversable macroscopic wormhole. Ultimately, while the paper frames wormhole concepts within accepted relativistic physics, it confirms that the gap between theoretical models and any realizable technology remains enormous.",,,Department of War,4/6/10,"Las Vegas, Nevada",https://www.war.gov/medialink/ufo/sept-18/release-06/assets/DOW-UAP-D139_AAWSAP-DIRD-Traversable-Wormholes-Stargates-and-Negative-Energy-April-6-2010.pdf,https://www.war.gov/medialink/ufo/sept-18/release-06/thumbs/DOW-UAP-D139_AAWSAP-DIRD-Traversable-Wormholes-Stargates-and-Negative-Energy-April-6-2010.jpg,A description of squeezed light states and theoretical models capable of producing negative energy.,260918-D-D0360-1128,
,TRUE,9/18/26,"DOW-UAP-D140, AAWSAP DIRD, High-Frequency Gravitational Wave Communications, April 2010",PDF,,DOW-UAP-D110 | DOW-UAP-D111 | DOW-UAP-D112 | DOW-UAP-D113 | DOW-UAP-D114 | DOW-UAP-D115 | DOW-UAP-D116 | DOW-UAP-D117 | DOW-UAP-D118 | DOW-UAP-D119 | DOW-UAP-D120 | DOW-UAP-D121 | DOW-UAP-D122 | DOW-UAP-D123 | DOW-UAP-D124 | DOW-UAP-D125 | DOW-UAP-D126 | DOW-UAP-D127 | DOW-UAP-D128 | DOW-UAP-D129 | DOW-UAP-D130 | DOW-UAP-D131 | DOW-UAP-D132 | DOW-UAP-D133 | DOW-UAP-D134 | DOW-UAP-D135 | DOW-UAP-D136 | DOW-UAP-D137 | DOW-UAP-D138 | DOW-UAP-D139 | DOW-UAP-D141 | DOW-UAP-D142 | DOW-UAP-D143 | DOW-UAP-D144 | DOW-UAP-D145 | DOW-UAP-D146 | DOW-UAP-D147 | DOW-UAP-D148 | DOW-UAP-D149 | DOW-UAP-D150 | DOW-UAP-D151 | DOW-UAP-D152 | DOW-UAP-D153,"This document is a Defense Intelligence Reference Document (DIRD), a technical reference format used by the Defense Intelligence Agency (DIA) to capture baseline knowledge on a specific topic for later analytic use. DIRDs are best understood as reference and synthesis products rather than as original research. It is one of 38 DIRDs produced under the Advanced Aerospace Weapon System Applications Program (AAWSAP) between 2009 and 2011. Because AAWSAP’s scope permitted a broad range of supporting topics, not every DIRD in the series directly concerns aerospace systems or future threat assessment. The following summary reflects the DIRD’s scope and framing at the time of writing and should not be read as implying current validation of the concepts discussed.

This DIRD examines whether high-frequency gravitational waves could serve as a communications medium while avoiding the attenuation that limits radio-frequency systems. The report surveys proposed transmitter and detector concepts, argues that gravitational-wave communications could support secure point-to-point links, timing standards, and interplanetary navigation, and gives particular attention to laboratory generator concepts and the Li-Baker detector as possible building blocks for such a system. The document makes clear, however, that the entire concept depends on capabilities that had not been demonstrated in practice, including laboratory-scale generation and reliable detection of usable high-frequency gravitational-wave signals. It is an exploratory systems-oriented review built around a future communications concept.",,,Department of War,4/6/10,"Las Vegas, Nevada",https://www.war.gov/medialink/ufo/sept-18/release-06/assets/DOW-UAP-D140_AAWSAP-DIRD-High-Frequency-Gravitational-Wave-Communications-April-6-2010.pdf,https://www.war.gov/medialink/ufo/sept-18/release-06/thumbs/DOW-UAP-D140_AAWSAP-DIRD-High-Frequency-Gravitational-Wave-Communications- April-6-2010.jpg,Two images of devices designed to detect high-frequency gravity waves.,260918-D-D0360-1129,
,TRUE,9/18/26,"DOW-UAP-D141, AAWSAP DIRD, Metamaterials for Aerospace Applications, April 2010",PDF,,DOW-UAP-D110 | DOW-UAP-D111 | DOW-UAP-D112 | DOW-UAP-D113 | DOW-UAP-D114 | DOW-UAP-D115 | DOW-UAP-D116 | DOW-UAP-D117 | DOW-UAP-D118 | DOW-UAP-D119 | DOW-UAP-D120 | DOW-UAP-D121 | DOW-UAP-D122 | DOW-UAP-D123 | DOW-UAP-D124 | DOW-UAP-D125 | DOW-UAP-D126 | DOW-UAP-D127 | DOW-UAP-D128 | DOW-UAP-D129 | DOW-UAP-D130 | DOW-UAP-D131 | DOW-UAP-D132 | DOW-UAP-D133 | DOW-UAP-D134 | DOW-UAP-D135 | DOW-UAP-D136 | DOW-UAP-D137 | DOW-UAP-D138 | DOW-UAP-D139 | DOW-UAP-D140 | DOW-UAP-D142 | DOW-UAP-D143 | DOW-UAP-D144 | DOW-UAP-D145 | DOW-UAP-D146 | DOW-UAP-D147 | DOW-UAP-D148 | DOW-UAP-D149 | DOW-UAP-D150 | DOW-UAP-D151 | DOW-UAP-D152 | DOW-UAP-D153,"This document is a Defense Intelligence Reference Document (DIRD), a technical reference format used by the Defense Intelligence Agency (DIA) to capture baseline knowledge on a specific topic for later analytic use. DIRDs are best understood as reference and synthesis products rather than as original research. It is one of 38 DIRDs produced under the Advanced Aerospace Weapon System Applications Program (AAWSAP) between 2009 and 2011. Because AAWSAP’s scope permitted a broad range of supporting topics, not every DIRD in the series directly concerns aerospace systems or future threat assessment. The following summary reflects the DIRD’s scope and framing at the time of writing and should not be read as implying current validation of the concepts discussed.

This DIRD surveys metamaterials, engineered structures designed to control electromagnetic waves in ways ordinary materials cannot, and argues that their main aerospace value lies in unusual optical and microwave properties together with significant component miniaturization. The report reviews possible applications including sub-wavelength imaging, compact waveguides and lasers, energy harvesting, tunable absorbers, nonreciprocal devices, and switchable materials, with particular emphasis on infrared and microwave uses for sensing, power management, and payload efficiency. It notes that many of the most ambitious applications depend on the practical output of a still-nascent field, especially in optical metamaterials, where only limited demonstrations had been achieved and fabrication remained a major constraint. The document presents metamaterials as a promising advanced materials field with credible niche applications and broader long-term potential.",,,Department of War,4/6/10,"Las Vegas, Nevada",https://www.war.gov/medialink/ufo/sept-18/release-06/assets/DOW-UAP-D141_AAWSAP-DIRD-Metamaterials-for-Aerospace-Applications-April-6-2010.pdf,https://www.war.gov/medialink/ufo/sept-18/release-06/thumbs/DOW-UAP-D141_AAWSAP-DIRD-Metamaterials-for-Aerospace-Applications-April-6-2010.jpg,An illustation of waveguides proposed for aerospace use.,260918-D-D0360-1130,
,TRUE,9/18/26,"DOW-UAP-D142, AAWSAP DIRD, Concepts for Extracting Energy from the Quantum Vacuum, April 2010",PDF,,DOW-UAP-D110 | DOW-UAP-D111 | DOW-UAP-D112 | DOW-UAP-D113 | DOW-UAP-D114 | DOW-UAP-D115 | DOW-UAP-D116 | DOW-UAP-D117 | DOW-UAP-D118 | DOW-UAP-D119 | DOW-UAP-D120 | DOW-UAP-D121 | DOW-UAP-D122 | DOW-UAP-D123 | DOW-UAP-D124 | DOW-UAP-D125 | DOW-UAP-D126 | DOW-UAP-D127 | DOW-UAP-D128 | DOW-UAP-D129 | DOW-UAP-D130 | DOW-UAP-D131 | DOW-UAP-D132 | DOW-UAP-D133 | DOW-UAP-D134 | DOW-UAP-D135 | DOW-UAP-D136 | DOW-UAP-D137 | DOW-UAP-D138 | DOW-UAP-D139 | DOW-UAP-D140 | DOW-UAP-D141 | DOW-UAP-D143 | DOW-UAP-D144 | DOW-UAP-D145 | DOW-UAP-D146 | DOW-UAP-D147 | DOW-UAP-D148 | DOW-UAP-D149 | DOW-UAP-D150 | DOW-UAP-D151 | DOW-UAP-D152 | DOW-UAP-D153,"This document is a Defense Intelligence Reference Document (DIRD), a technical reference format used by the Defense Intelligence Agency (DIA) to capture baseline knowledge on a specific topic for later analytic use. DIRDs are best understood as reference and synthesis products rather than as original research. It is one of 38 DIRDs produced under the Advanced Aerospace Weapon System Applications Program (AAWSAP) between 2009 and 2011. Because AAWSAP’s scope permitted a broad range of supporting topics, not every DIRD in the series directly concerns aerospace systems or future threat assessment. The following summary reflects the DIRD’s scope and framing at the time of writing and should not be read as implying current validation of the concepts discussed.

This DIRD examines whether useful energy might be extracted from the quantum vacuum, the ground state with the lowest possible energy of quantum fields. This treatment considers applications for space power or “propellantless” propulsion by reviewing a range of concepts involving zero-point fluctuations, Casimir effects, squeezed vacuum states, Dirac-vacuum decay, and possible vacuum phase changes in quantum chromodynamics. The report argues that established physical models contain real vacuum-related phenomena, and that certain mechanisms can be modeled as energy-releasing phase changes under specific boundary conditions or intense external fields. However, it acknowledges that no practical method for continuous or useful energy extraction has been demonstrated experimentally and that standard quantum electrodynamics does not support continuous vacuum-energy conversion in the manner proposed. Frameworks based on the concepts described in the DIRD remain theoretically underdeveloped and experimentally unconfirmed at the time of writing.",,,Department of War,4/6/10,"Las Vegas, Nevada",https://www.war.gov/medialink/ufo/sept-18/release-06/assets/DOW-UAP-D142_AAWSAP-DIRD-Concepts-for-Extracting-Energy-from-the-Quantum-Vacuum-April-6-2010.pdf,https://www.war.gov/medialink/ufo/sept-18/release-06/thumbs/DOW-UAP-D142_AAWSAP-DIRD-Concepts-for-Extracting-Energy-from-the-Quantum-Vacuum-April-6-2010.jpg,A description of findings from a previous study that contribute to the speculative model presented in the paper.,260918-D-D0360-1131,
,TRUE,9/18/26,"DOW-UAP-D143, AAWSAP DIRD, Laser Lightcraft Nanosatellites, November 2010",PDF,,DOW-UAP-D110 | DOW-UAP-D111 | DOW-UAP-D112 | DOW-UAP-D113 | DOW-UAP-D114 | DOW-UAP-D115 | DOW-UAP-D116 | DOW-UAP-D117 | DOW-UAP-D118 | DOW-UAP-D119 | DOW-UAP-D120 | DOW-UAP-D121 | DOW-UAP-D122 | DOW-UAP-D123 | DOW-UAP-D124 | DOW-UAP-D125 | DOW-UAP-D126 | DOW-UAP-D127 | DOW-UAP-D128 | DOW-UAP-D129 | DOW-UAP-D130 | DOW-UAP-D131 | DOW-UAP-D132 | DOW-UAP-D133 | DOW-UAP-D134 | DOW-UAP-D135 | DOW-UAP-D136 | DOW-UAP-D137 | DOW-UAP-D138 | DOW-UAP-D139 | DOW-UAP-D140 | DOW-UAP-D141 | DOW-UAP-D142 | DOW-UAP-D144 | DOW-UAP-D145 | DOW-UAP-D146 | DOW-UAP-D147 | DOW-UAP-D148 | DOW-UAP-D149 | DOW-UAP-D150 | DOW-UAP-D151 | DOW-UAP-D152 | DOW-UAP-D153,"This document is a Defense Intelligence Reference Document (DIRD), a technical reference format used by the Defense Intelligence Agency (DIA) to capture baseline knowledge on a specific topic for later analytic use. DIRDs are best understood as reference and synthesis products rather than as original research. It is one of 38 DIRDs produced under the Advanced Aerospace Weapon System Applications Program (AAWSAP) between 2009 and 2011. Because AAWSAP’s scope permitted a broad range of supporting topics, not every DIRD in the series directly concerns aerospace systems or future threat assessment. The following summary reflects the DIRD’s scope and framing at the time of writing and should not be read as implying current validation of the concepts discussed.

This DIRD examines laser-propelled “Lightcraft” as a possible low-cost method to launch very small satellites into low Earth orbit by using a remote high-energy laser to supply most of the propulsion energy rather than relying entirely on onboard energy sources. The report combines a survey of nanosatellite trends with a review of “Lightcraft” propulsion concepts, vehicle design, beam-control requirements, and mission studies, and argues that the most promising application is the launch of nano- or pico-satellites, especially Earth- and space-observing payloads of a few kilograms or less. It presents the concept as potentially much cheaper than conventional multistage rockets for very small payloads, while also noting significant practical constraints including strict beam-riding geometry, atmospheric losses, demanding pointing and adaptive-optics requirements, and heavy dependence on large ground-, sea-, or air-based laser infrastructure. Overall, the document presents laser “Lightcraft” as a technically plausible launch concept whose attractiveness depends on whether the supporting laser and beam-control system can be made reliable and economical at operational scale.",,,Department of War,11/1/10,"Las Vegas, Nevada",https://www.war.gov/medialink/ufo/sept-18/release-06/assets/DOW-UAP-D143_AAWSAP-DIRD-Laser-Lightcraft-Nanosatellites-November-1-2010.pdf,https://www.war.gov/medialink/ufo/sept-18/release-06/thumbs/DOW-UAP-D143_AAWSAP-DIRD-Laser-Lightcraft-Nanosatellites-November-1-2010.jpg,"Two images show a ""lightcraft"" test vehicle and guide wire.",260918-D-D0360-1132,
,TRUE,9/18/26,"DOW-UAP-D144, AAWSAP DIRD, Cockpits in the Era of Breakthrough Flight, November 2010",PDF,,DOW-UAP-D110 | DOW-UAP-D111 | DOW-UAP-D112 | DOW-UAP-D113 | DOW-UAP-D114 | DOW-UAP-D115 | DOW-UAP-D116 | DOW-UAP-D117 | DOW-UAP-D118 | DOW-UAP-D119 | DOW-UAP-D120 | DOW-UAP-D121 | DOW-UAP-D122 | DOW-UAP-D123 | DOW-UAP-D124 | DOW-UAP-D125 | DOW-UAP-D126 | DOW-UAP-D127 | DOW-UAP-D128 | DOW-UAP-D129 | DOW-UAP-D130 | DOW-UAP-D131 | DOW-UAP-D132 | DOW-UAP-D133 | DOW-UAP-D134 | DOW-UAP-D135 | DOW-UAP-D136 | DOW-UAP-D137 | DOW-UAP-D138 | DOW-UAP-D139 | DOW-UAP-D140 | DOW-UAP-D141 | DOW-UAP-D142 | DOW-UAP-D143 | DOW-UAP-D145 | DOW-UAP-D146 | DOW-UAP-D147 | DOW-UAP-D148 | DOW-UAP-D149 | DOW-UAP-D150 | DOW-UAP-D151 | DOW-UAP-D152 | DOW-UAP-D153,"This document is a Defense Intelligence Reference Document (DIRD), a technical reference format used by the Defense Intelligence Agency (DIA) to capture baseline knowledge on a specific topic for later analytic use. DIRDs are best understood as reference and synthesis products rather than as original research. It is one of 38 DIRDs produced under the Advanced Aerospace Weapon System Applications Program (AAWSAP) between 2009 and 2011. Because AAWSAP’s scope permitted a broad range of supporting topics, not every DIRD in the series directly concerns aerospace systems or future threat assessment. The following summary reflects the DIRD’s scope and framing at the time of writing and should not be read as implying current validation of the concepts discussed.

This DIRD examines how cockpit design might change if future aerospace vehicles were ever to achieve major propulsion breakthroughs such as control over gravity and inertia, “propellantless” flight, or faster-than-light travel. The report does not describe an existing or emerging vehicle class. Instead, it asks what such hypothetical capabilities would mean for piloting, displays, controls, and human factors, and it argues that the biggest design challenges would come from full six-degree-of-freedom motion, operation across multiple flight regimes from near-surface flight to orbit and deep space, and the possible separation between the craft’s actual motion and the crew’s internal physical sensations. It combines those assumptions with established human-machine-interface principles and with maturing inputs such as gesture, voice, and brain-machine control to outline a provisional cockpit centered on intuitive displays, stress-tolerant physical controls, and a virtual surround display.",,,Department of War,11/1/10,"Las Vegas, Nevada",https://www.war.gov/medialink/ufo/sept-18/release-06/assets/DOW-UAP-D144_AAWSAP-DIRD-Cockpits-in-the-Era-of-Breakthrough-Flight-November-1-2010.pdf,https://www.war.gov/medialink/ufo/sept-18/release-06/thumbs/DOW-UAP-D144_AAWSAP-DIRD-Cockpits-in-the-Era-of-Breakthrough-Flight-November-1-2010.jpg,Diagram shows a provisional concept for a cockpit with a 360-degree surround display.,260918-D-D0360-1133,
,TRUE,9/18/26,"DOW-UAP-D145, AAWSAP DIRD, Aneutronic Fusion Propulsion I, November 2010",PDF,,DOW-UAP-D110 | DOW-UAP-D111 | DOW-UAP-D112 | DOW-UAP-D113 | DOW-UAP-D114 | DOW-UAP-D115 | DOW-UAP-D116 | DOW-UAP-D117 | DOW-UAP-D118 | DOW-UAP-D119 | DOW-UAP-D120 | DOW-UAP-D121 | DOW-UAP-D122 | DOW-UAP-D123 | DOW-UAP-D124 | DOW-UAP-D125 | DOW-UAP-D126 | DOW-UAP-D127 | DOW-UAP-D128 | DOW-UAP-D129 | DOW-UAP-D130 | DOW-UAP-D131 | DOW-UAP-D132 | DOW-UAP-D133 | DOW-UAP-D134 | DOW-UAP-D135 | DOW-UAP-D136 | DOW-UAP-D137 | DOW-UAP-D138 | DOW-UAP-D139 | DOW-UAP-D140 | DOW-UAP-D141 | DOW-UAP-D142 | DOW-UAP-D143 | DOW-UAP-D144 | DOW-UAP-D146 | DOW-UAP-D147 | DOW-UAP-D148 | DOW-UAP-D149 | DOW-UAP-D150 | DOW-UAP-D151 | DOW-UAP-D152 | DOW-UAP-D153,"This document is a Defense Intelligence Reference Document (DIRD), a technical reference format used by the Defense Intelligence Agency (DIA) to capture baseline knowledge on a specific topic for later analytic use. DIRDs are best understood as reference and synthesis products rather than as original research. It is one of 38 DIRDs produced under the Advanced Aerospace Weapon System Applications Program (AAWSAP) between 2009 and 2011. Because AAWSAP’s scope permitted a broad range of supporting topics, not every DIRD in the series directly concerns aerospace systems or future threat assessment. The following summary reflects the DIRD’s scope and framing at the time of writing and should not be read as implying current validation of the concepts discussed.

This DIRD surveys aneutronic fusion as a possible advanced space-propulsion method, focusing on fusion reactions that release most of their energy in charged particles rather than neutrons and therefore offer potential advantages over more neutron-intensive fusion concepts, especially in radiation shielding, direct energy conversion, and thrust generation. The report reviews the underlying rocket physics, compares candidate fusion fuels and ignition conditions, and gives particular attention to proton-boron and related schemes, while also discussing Bussard’s concepts and other fusion projects as representative development paths. It also makes clear that the central obstacle remains ignition and sustained net-energy fusion under practical conditions, and it notes additional problems such as x-ray energy losses from the hot plasma, extreme temperature requirements, and the gap between theoretical specific impulse and what proposed systems had demonstrated experimentally. Overall, the document presents aneutronic fusion propulsion as an attractive long-range concept for deep-space travel, but one whose practical realization still depended on major unresolved advances in fusion engineering.",,,Department of War,11/1/10,"Las Vegas, Nevada",https://www.war.gov/medialink/ufo/sept-18/release-06/assets/DOW-UAP-D145_AAWSAP-DIRD-Aneutronic-Fusion-Propulsion-I-November-1-2010.pdf,https://www.war.gov/medialink/ufo/sept-18/release-06/thumbs/DOW-UAP-D145_AAWSAP-DIRD-Aneutronic-Fusion-Propulsion-I-November-1-2010.jpg,Diagram shows a simplified design for nuclear fission-propelled rocket.,260918-D-D0360-1134,
,TRUE,9/18/26,"DOW-UAP-D146, AAWSAP DIRD, Aneutronic Fusion Propulsion II, November 2010",PDF,,DOW-UAP-D110 | DOW-UAP-D111 | DOW-UAP-D112 | DOW-UAP-D113 | DOW-UAP-D114 | DOW-UAP-D115 | DOW-UAP-D116 | DOW-UAP-D117 | DOW-UAP-D118 | DOW-UAP-D119 | DOW-UAP-D120 | DOW-UAP-D121 | DOW-UAP-D122 | DOW-UAP-D123 | DOW-UAP-D124 | DOW-UAP-D125 | DOW-UAP-D126 | DOW-UAP-D127 | DOW-UAP-D128 | DOW-UAP-D129 | DOW-UAP-D130 | DOW-UAP-D131 | DOW-UAP-D132 | DOW-UAP-D133 | DOW-UAP-D134 | DOW-UAP-D135 | DOW-UAP-D136 | DOW-UAP-D137 | DOW-UAP-D138 | DOW-UAP-D139 | DOW-UAP-D140 | DOW-UAP-D141 | DOW-UAP-D142 | DOW-UAP-D143 | DOW-UAP-D144 | DOW-UAP-D145 | DOW-UAP-D147 | DOW-UAP-D148 | DOW-UAP-D149 | DOW-UAP-D150 | DOW-UAP-D151 | DOW-UAP-D152 | DOW-UAP-D153,"This document is a Defense Intelligence Reference Document (DIRD), a technical reference format used by the Defense Intelligence Agency (DIA) to capture baseline knowledge on a specific topic for later analytic use. DIRDs are best understood as reference and synthesis products rather than as original research. It is one of 38 DIRDs produced under the Advanced Aerospace Weapon System Applications Program (AAWSAP) between 2009 and 2011. Because AAWSAP’s scope permitted a broad range of supporting topics, not every DIRD in the series directly concerns aerospace systems or future threat assessment. The following summary reflects the DIRD’s scope and framing at the time of writing and should not be read as implying current validation of the concepts discussed.

This DIRD revisits aneutronic fusion propulsion in a more systems-oriented manner, arguing that fusion concepts using low-neutron fuels such as proton-boron or helium-3 could become attractive for space propulsion because they reduce shielding burdens and may support direct conversion of charged-particle energy into thrust or onboard power. The report reviews the relevant fusion plasma physics and focuses on several candidate confinement approaches, then connects those concepts to possible applications in near-space, orbital, and interplanetary propulsion. It presents the most plausible nearer-term use as very high-power electric or plasma propulsion for satellites and deep-space missions rather than atmospheric flight or interstellar travel, while emphasizing that major obstacles remain in ignition, sustained confinement, system mass, power handling, fuel storage, launch integration, and end-to-end engineering.",,,Department of War,11/1/10,"Las Vegas, Nevada",https://www.war.gov/medialink/ufo/sept-18/release-06/assets/DOW-UAP-D146_AAWSAP-DIRD-Aneutronic-Fusion-Propulsion-II-November-1-2010.pdf,https://www.war.gov/medialink/ufo/sept-18/release-06/thumbs/DOW-UAP-D146_AAWSAP-DIRD-Aneutronic-Fusion-Propulsion-II-November-1-2010.jpg,Diagram compares two theoretical models to contain hot plasma for fusion propulsion applications.,260918-D-D0360-1135,
,TRUE,9/18/26,"DOW-UAP-D147, AAWSAP DIRD, Ultracapacitors as Energy and Power Storage Devices, November 2010",PDF,,DOW-UAP-D110 | DOW-UAP-D111 | DOW-UAP-D112 | DOW-UAP-D113 | DOW-UAP-D114 | DOW-UAP-D115 | DOW-UAP-D116 | DOW-UAP-D117 | DOW-UAP-D118 | DOW-UAP-D119 | DOW-UAP-D120 | DOW-UAP-D121 | DOW-UAP-D122 | DOW-UAP-D123 | DOW-UAP-D124 | DOW-UAP-D125 | DOW-UAP-D126 | DOW-UAP-D127 | DOW-UAP-D128 | DOW-UAP-D129 | DOW-UAP-D130 | DOW-UAP-D131 | DOW-UAP-D132 | DOW-UAP-D133 | DOW-UAP-D134 | DOW-UAP-D135 | DOW-UAP-D136 | DOW-UAP-D137 | DOW-UAP-D138 | DOW-UAP-D139 | DOW-UAP-D140 | DOW-UAP-D141 | DOW-UAP-D142 | DOW-UAP-D143 | DOW-UAP-D144 | DOW-UAP-D145 | DOW-UAP-D146 | DOW-UAP-D148 | DOW-UAP-D149 | DOW-UAP-D150 | DOW-UAP-D151 | DOW-UAP-D152 | DOW-UAP-D153,"This document is a Defense Intelligence Reference Document (DIRD), a technical reference format used by the Defense Intelligence Agency (DIA) to capture baseline knowledge on a specific topic for later analytic use. DIRDs are best understood as reference and synthesis products rather than as original research. It is one of 38 DIRDs produced under the Advanced Aerospace Weapon System Applications Program (AAWSAP) between 2009 and 2011. Because AAWSAP’s scope permitted a broad range of supporting topics, not every DIRD in the series directly concerns aerospace systems or future threat assessment. The following summary reflects the DIRD’s scope and framing at the time of writing and should not be read as implying current validation of the concepts discussed.

This DIRD surveys ultracapacitors as high-power energy-storage devices and argues that their main value lies in extremely rapid charge and discharge, very long cycle life, and usefulness in systems that need short bursts of power rather than sustained energy delivery. The report explains how ultracapacitors differ from batteries, reviews the materials and cell designs that determine their performance, and emphasizes that they are especially useful for power stabilization, backup power, load leveling, regenerative braking, and other applications where fast energy transfer matters more than total stored energy. It also notes their drawbacks, including lower energy density, self-discharge, and voltage-management requirements that limit their usefulness as stand-alone replacements for batteries in many applications. The document presents ultracapacitors as a maturing and increasingly important technology whose most credible aerospace and military uses lie in pulsed-power, missile and munitions systems, electric propulsion support, and other hybrid power architectures rather than in long-duration primary energy storage.",,,Department of War,11/1/10,"Las Vegas, Nevada",https://www.war.gov/medialink/ufo/sept-18/release-06/assets/DOW-UAP-D147_AAWSAP-DIRD-Ultracapacitors-as-Energy-and-Power-Storage-Devices-November-1-2010.pdf,https://www.war.gov/medialink/ufo/sept-18/release-06/thumbs/DOW-UAP-D147_AAWSAP-DIRD-Ultracapacitors-as-Energy-and-Power-Storage-Devices-November-1-2010.jpg,"Microscope image of a thin sheet of graphene, presented as a potential material suitable for use within ultracapacitor electrodes.",260918-D-D0360-1136,
,TRUE,9/18/26,"DOW-UAP-D148, AAWSAP DIRD, Detection and High-Resolution Tracking of Vehicles at Hypersonic Velocities, November 2010",PDF,,DOW-UAP-D110 | DOW-UAP-D111 | DOW-UAP-D112 | DOW-UAP-D113 | DOW-UAP-D114 | DOW-UAP-D115 | DOW-UAP-D116 | DOW-UAP-D117 | DOW-UAP-D118 | DOW-UAP-D119 | DOW-UAP-D120 | DOW-UAP-D121 | DOW-UAP-D122 | DOW-UAP-D123 | DOW-UAP-D124 | DOW-UAP-D125 | DOW-UAP-D126 | DOW-UAP-D127 | DOW-UAP-D128 | DOW-UAP-D129 | DOW-UAP-D130 | DOW-UAP-D131 | DOW-UAP-D132 | DOW-UAP-D133 | DOW-UAP-D134 | DOW-UAP-D135 | DOW-UAP-D136 | DOW-UAP-D137 | DOW-UAP-D138 | DOW-UAP-D139 | DOW-UAP-D140 | DOW-UAP-D141 | DOW-UAP-D142 | DOW-UAP-D143 | DOW-UAP-D144 | DOW-UAP-D145 | DOW-UAP-D146 | DOW-UAP-D147 | DOW-UAP-D149 | DOW-UAP-D150 | DOW-UAP-D151 | DOW-UAP-D152 | DOW-UAP-D153,"This document is a Defense Intelligence Reference Document (DIRD), a technical reference format used by the Defense Intelligence Agency (DIA) to capture baseline knowledge on a specific topic for later analytic use. DIRDs are best understood as reference and synthesis products rather than as original research. It is one of 38 DIRDs produced under the Advanced Aerospace Weapon System Applications Program (AAWSAP) between 2009 and 2011. Because AAWSAP’s scope permitted a broad range of supporting topics, not every DIRD in the series directly concerns aerospace systems or future threat assessment. The following summary reflects the DIRD’s scope and framing at the time of writing and should not be read as implying current validation of the concepts discussed.

This DIRD surveys how hypersonic vehicles may be detected and tracked by exploiting the physical effects they create in flight, especially shock waves, ionized gas, hot surfaces, and turbulent atmospheric wakes. The report reviews a broad set of detection methods, including radar, infrared sensing, optical imaging, LIDAR, passive radio reflection, infrasound, and seismic techniques, and argues that the most effective systems will likely combine multiple sensor types, because each captures different features of a high-speed vehicle’s passage through the atmosphere. It presents radar and infrared sensing as the strongest existing tools for operational detection, while giving particular attention to wake-based methods such as LIDAR and passive radio techniques for improving tracking, identification, and discrimination of future hypersonic aircraft. The paper identifies hypersonic vehicles as an evolving surveillance problem in which future progress will depend on better multi-sensor integration, improved wake characterization, and novel signature-exploitation techniques.",,,Department of War,11/20/10,"Las Vegas, Nevada",https://www.war.gov/medialink/ufo/sept-18/release-06/assets/DOW-UAP-D148_AAWSAP-DIRD-Detection-and-High-Resolution-Tracking-of-Vehicles-at-Hypersonic-Velocities-November-20-2010.pdf,https://www.war.gov/medialink/ufo/sept-18/release-06/thumbs/DOW-UAP-D148_AAWSAP-DIRD-Detection-and-High-Resolution-Tracking-of-Vehicles-at-Hypersonic-Velocities-November-20-2010.jpg,"Line graph compares infrared energy spectra detectable from objects moving at Mach 3 and Mach 3.5, showing peaks in different wavelengths.",260918-D-D0360-1137,
,TRUE,9/18/26,"DOW-UAP-D149, AAWSAP DIRD, MHD Air Breathing Propulsion and Power for Aerospace Applications, November 2010",PDF,,DOW-UAP-D110 | DOW-UAP-D111 | DOW-UAP-D112 | DOW-UAP-D113 | DOW-UAP-D114 | DOW-UAP-D115 | DOW-UAP-D116 | DOW-UAP-D117 | DOW-UAP-D118 | DOW-UAP-D119 | DOW-UAP-D120 | DOW-UAP-D121 | DOW-UAP-D122 | DOW-UAP-D123 | DOW-UAP-D124 | DOW-UAP-D125 | DOW-UAP-D126 | DOW-UAP-D127 | DOW-UAP-D128 | DOW-UAP-D129 | DOW-UAP-D130 | DOW-UAP-D131 | DOW-UAP-D132 | DOW-UAP-D133 | DOW-UAP-D134 | DOW-UAP-D135 | DOW-UAP-D136 | DOW-UAP-D137 | DOW-UAP-D138 | DOW-UAP-D139 | DOW-UAP-D140 | DOW-UAP-D141 | DOW-UAP-D142 | DOW-UAP-D143 | DOW-UAP-D144 | DOW-UAP-D145 | DOW-UAP-D146 | DOW-UAP-D147 | DOW-UAP-D148 | DOW-UAP-D150 | DOW-UAP-D151 | DOW-UAP-D152 | DOW-UAP-D153,"This document is a Defense Intelligence Reference Document (DIRD), a technical reference format used by the Defense Intelligence Agency (DIA) to capture baseline knowledge on a specific topic for later analytic use. DIRDs are best understood as reference and synthesis products rather than as original research. It is one of 38 DIRDs produced under the Advanced Aerospace Weapon System Applications Program (AAWSAP) between 2009 and 2011. Because AAWSAP’s scope permitted a broad range of supporting topics, not every DIRD in the series directly concerns aerospace systems or future threat assessment. The following summary reflects the DIRD’s scope and framing at the time of writing and should not be read as implying current validation of the concepts discussed.

This DIRD surveys magnetohydrodynamic (MHD) and plasma-based concepts for air-breathing propulsion, onboard power generation, and aerodynamic control, arguing that such systems could in principle extend aerospace performance beyond the limits of conventional chemical propulsion and control surfaces. The report reviews concepts including MHD acceleration, flow control, inlet control, onboard power generation, drag reduction, and plasma-generated “virtual” aerodynamic surfaces, while giving particular attention to hypersonic applications such as scramjet power extraction, reentry vehicles, global-strike gliders, and aero-assisted orbital maneuvers. However, it emphasizes major practical constraints, especially extreme power requirements, system weight and complexity, and the difficulty of achieving useful ionization in colder air at lower hypersonic speeds; on that basis, it argues that Ajax-style MHD bypass concepts, in which energy is extracted from the airflow upstream and reintroduced downstream through an electromagnetic system, are not meaningful below about Mach 12, while treating the “virtual cowl” and related reentry applications as more plausible. The document presents plasma and MHD aerospace systems as a technically serious but highly demanding field whose nearer-term promise lies in specialized hypersonic control, power generation, and reentry applications rather than a fully realized air-breathing propulsion system.",,,Department of War,11/21/10,"Las Vegas, Nevada",https://www.war.gov/medialink/ufo/sept-18/release-06/assets/DOW-UAP-D149_AAWSAP-DIRD-MHD-Air-Breathing-Propulsion-and-Power-for-Aerospace-Applications-November-21-2010.pdf,https://www.war.gov/medialink/ufo/sept-18/release-06/thumbs/DOW-UAP-D149_AAWSAP-DIRD-MHD-Air-Breathing-Propulsion-and-Power-for-Aerospace-Applications-November-21-2010.jpg,"A description of electrothermal and electrostatic thrusters, describing their relative advantages (energy efficiency) and disadvantages (low thrust density).",260918-D-D0360-1138,
,TRUE,9/18/26,"DOW-UAP-D150, AAWSAP DIRD, Quantum Computing and Utilizing Organic Molecules in Automation Technology, December 2010",PDF,,DOW-UAP-D110 | DOW-UAP-D111 | DOW-UAP-D112 | DOW-UAP-D113 | DOW-UAP-D114 | DOW-UAP-D115 | DOW-UAP-D116 | DOW-UAP-D117 | DOW-UAP-D118 | DOW-UAP-D119 | DOW-UAP-D120 | DOW-UAP-D121 | DOW-UAP-D122 | DOW-UAP-D123 | DOW-UAP-D124 | DOW-UAP-D125 | DOW-UAP-D126 | DOW-UAP-D127 | DOW-UAP-D128 | DOW-UAP-D129 | DOW-UAP-D130 | DOW-UAP-D131 | DOW-UAP-D132 | DOW-UAP-D133 | DOW-UAP-D134 | DOW-UAP-D135 | DOW-UAP-D136 | DOW-UAP-D137 | DOW-UAP-D138 | DOW-UAP-D139 | DOW-UAP-D140 | DOW-UAP-D141 | DOW-UAP-D142 | DOW-UAP-D143 | DOW-UAP-D144 | DOW-UAP-D145 | DOW-UAP-D146 | DOW-UAP-D147 | DOW-UAP-D148 | DOW-UAP-D149 | DOW-UAP-D151 | DOW-UAP-D152 | DOW-UAP-D153,"This document is a Defense Intelligence Reference Document (DIRD), a technical reference format used by the Defense Intelligence Agency (DIA) to capture baseline knowledge on a specific topic for later analytic use. DIRDs are best understood as reference and synthesis products rather than as original research. It is one of 38 DIRDs produced under the Advanced Aerospace Weapon System Applications Program (AAWSAP) between 2009 and 2011. Because AAWSAP’s scope permitted a broad range of supporting topics, not every DIRD in the series directly concerns aerospace systems or future threat assessment. The following summary reflects the DIRD’s scope and framing at the time of writing and should not be read as implying current validation of the concepts discussed.

This DIRD surveys advanced computing concepts for future space and automation applications, focusing on quantum and molecular (DNA-based) computing as potential alternatives to conventional silicon electronics. The report introduces quantum computing principles alongside DNA-based logic gates, self-assembly, and nanoscale repair mechanisms, arguing that these unconventional architectures might eventually offer advantages in radiation tolerance, physical robustness, and specialized onboard processing for space-based platforms. It notes that near-term practical barriers remain substantial. Quantum systems continue to depend on complex cryogenics, shielding, and unsolved reliability challenges, while DNA-based computing remains a far-future concept rather than a viable alternative to general-purpose processors. Overall, the document presents both frameworks as long-term possibilities to complement, rather than immediately replace proven space-qualified electronics. It concludes that the stronger, nearer-term cases for such architectures are in highly specialized or hybrid roles rather than in fully mature general-purpose onboard computing applications.",,,Department of War,12/10/10,"Las Vegas, Nevada",https://www.war.gov/medialink/ufo/sept-18/release-06/assets/DOW-UAP-D150_AAWSAP-DIRD-Quantum-Computing-and-Utilizing-Organic-Molecules-in-Automation-Technology-December-10-2010.pdf,https://www.war.gov/medialink/ufo/sept-18/release-06/thumbs/DOW-UAP-D150_AAWSAP-DIRD-Quantum-Computing-and-Utilizing-Organic-Molecules-in-Automation-Technology-December-10-2010.jpg,Graphs showing energy states for a quantum dot in single-layer graphene wafers.,260918-D-D0360-1139,
,TRUE,9/18/26,"DOW-UAP-D151, AAWSAP DIRD, Cognitive Limits on Simultaneous Control of Multiple Unmanned Spacecraft, December 2010",PDF,,DOW-UAP-D110 | DOW-UAP-D111 | DOW-UAP-D112 | DOW-UAP-D113 | DOW-UAP-D114 | DOW-UAP-D115 | DOW-UAP-D116 | DOW-UAP-D117 | DOW-UAP-D118 | DOW-UAP-D119 | DOW-UAP-D120 | DOW-UAP-D121 | DOW-UAP-D122 | DOW-UAP-D123 | DOW-UAP-D124 | DOW-UAP-D125 | DOW-UAP-D126 | DOW-UAP-D127 | DOW-UAP-D128 | DOW-UAP-D129 | DOW-UAP-D130 | DOW-UAP-D131 | DOW-UAP-D132 | DOW-UAP-D133 | DOW-UAP-D134 | DOW-UAP-D135 | DOW-UAP-D136 | DOW-UAP-D137 | DOW-UAP-D138 | DOW-UAP-D139 | DOW-UAP-D140 | DOW-UAP-D141 | DOW-UAP-D142 | DOW-UAP-D143 | DOW-UAP-D144 | DOW-UAP-D145 | DOW-UAP-D146 | DOW-UAP-D147 | DOW-UAP-D148 | DOW-UAP-D149 | DOW-UAP-D150 | DOW-UAP-D152 | DOW-UAP-D153,"This document is a Defense Intelligence Reference Document (DIRD), a technical reference format used by the Defense Intelligence Agency (DIA) to capture baseline knowledge on a specific topic for later analytic use. DIRDs are best understood as reference and synthesis products rather than as original research. It is one of 38 DIRDs produced under the Advanced Aerospace Weapon System Applications Program (AAWSAP) between 2009 and 2011. Because AAWSAP’s scope permitted a broad range of supporting topics, not every DIRD in the series directly concerns aerospace systems or future threat assessment. The following summary reflects the DIRD’s scope and framing at the time of writing and should not be read as implying current validation of the concepts discussed.

This DIRD examines how many unmanned spacecraft a single human operator could realistically supervise or control at once, using research from air traffic control and multi-vehicle remote piloting as rough analogs. The report argues that the practical limit depends heavily on task complexity: about 16 craft for simple monitoring or destination assignment, about 7 for moderately complex piloting or mission tasks, and about 4 for complex heterogeneous operations. It places particular emphasis on the operator’s ability to maintain a coherent mental “big picture” of multiple vehicles at once, and it suggests that automation and external displays can help by offloading working-memory demands, though not eliminating them. The document also highlights physiological workload measures as a possible way to detect or predict operator overload in real time. Overall, it presents multi-spacecraft control as a human-factors and systems-integration problem in which progress depends on managing cognitive limits through interface design, automation, and workload monitoring.",,,Department of War,12/15/10,"Las Vegas, Nevada",https://www.war.gov/medialink/ufo/sept-18/release-06/assets/DOW-UAP-D151_AAWSAP-DIRD-Cognitive-Limits-on-Simultaneous-Control-of-Multiple-Unmanned-Spacecraft-December-15-2010.pdf,https://www.war.gov/medialink/ufo/sept-18/release-06/thumbs/DOW-UAP-D151_AAWSAP-DIRD-Cognitive-Limits-on-Simultaneous-Control-of-Multiple-Unmanned-Spacecraft-December-15-2010.jpg,"Images show an air traffic control room, radar screen, and flight display, demonstrating the cognitive load associated with multi-tasking for complex tasks.",260918-D-D0360-1140,
,TRUE,9/18/26,"DOW-UAP-D152, AAWSAP DIRD, Negative Mass Propulsion, January 2011",PDF,,DOW-UAP-D110 | DOW-UAP-D111 | DOW-UAP-D112 | DOW-UAP-D113 | DOW-UAP-D114 | DOW-UAP-D115 | DOW-UAP-D116 | DOW-UAP-D117 | DOW-UAP-D118 | DOW-UAP-D119 | DOW-UAP-D120 | DOW-UAP-D121 | DOW-UAP-D122 | DOW-UAP-D123 | DOW-UAP-D124 | DOW-UAP-D125 | DOW-UAP-D126 | DOW-UAP-D127 | DOW-UAP-D128 | DOW-UAP-D129 | DOW-UAP-D130 | DOW-UAP-D131 | DOW-UAP-D132 | DOW-UAP-D133 | DOW-UAP-D134 | DOW-UAP-D135 | DOW-UAP-D136 | DOW-UAP-D137 | DOW-UAP-D138 | DOW-UAP-D139 | DOW-UAP-D140 | DOW-UAP-D141 | DOW-UAP-D142 | DOW-UAP-D143 | DOW-UAP-D144 | DOW-UAP-D145 | DOW-UAP-D146 | DOW-UAP-D147 | DOW-UAP-D148 | DOW-UAP-D149 | DOW-UAP-D150 | DOW-UAP-D151 | DOW-UAP-D153,"This document is a Defense Intelligence Reference Document (DIRD), a technical reference format used by the Defense Intelligence Agency (DIA) to capture baseline knowledge on a specific topic for later analytic use. DIRDs are best understood as reference and synthesis products rather than as original research. It is one of 38 DIRDs produced under the Advanced Aerospace Weapon System Applications Program (AAWSAP) between 2009 and 2011. Because AAWSAP’s scope permitted a broad range of supporting topics, not every DIRD in the series directly concerns aerospace systems or future threat assessment. The following summary reflects the DIRD’s scope and framing at the time of writing and should not be read as implying current validation of the concepts discussed.

This DIRD examines whether negative mass could exist in a physically meaningful way and whether it could someday reduce the energy cost of spaceflight. The report reviews the unusual dynamics that would follow if positive and negative mass could interact, including self-accelerating mass pairs and matter with very low or nearly zero effective inertia, and treats such ideas as at least formally compatible with certain extensions of gravitational theory. It then considers two broad paths toward practical use: creating or separating negative mass through extreme fields or particle energies, and locating naturally separated negative matter in deep gravitational wells such as galactic centers or possibly the Moon. However, the document also concludes that the first path is effectively beyond technical reach and treats the second as highly uncertain, resting on a long chain of unverified assumptions about the existence, separability, and macroscopic behavior of negative mass. Overall, this DIRD is a far-reaching theoretical exploration of an exotic propulsion concept whose practical application depends on premises that remain unestablished in consensus physics.",,,Department of War,1/3/11,"Las Vegas, Nevada",https://www.war.gov/medialink/ufo/sept-18/release-06/assets/DOW-UAP-D152_AAWSAP-DIRD-Negative-Mass-Propulsion-January-3-2011.pdf,https://www.war.gov/medialink/ufo/sept-18/release-06/thumbs/DOW-UAP-D152_AAWSAP-DIRD-Negative-Mass-Propulsion-January-3-2011.jpg,"A description of a ""self-accelerating"" negative mass propulsion concept.",260918-D-D0360-1141,
,TRUE,9/18/26,"DOW-UAP-D153, AAWSAP DIRD, Quantum Tomography of Negative Energy States in the Vacuum, January 2011",PDF,,DOW-UAP-D110 | DOW-UAP-D111 | DOW-UAP-D112 | DOW-UAP-D113 | DOW-UAP-D114 | DOW-UAP-D115 | DOW-UAP-D116 | DOW-UAP-D117 | DOW-UAP-D118 | DOW-UAP-D119 | DOW-UAP-D120 | DOW-UAP-D121 | DOW-UAP-D122 | DOW-UAP-D123 | DOW-UAP-D124 | DOW-UAP-D125 | DOW-UAP-D126 | DOW-UAP-D127 | DOW-UAP-D128 | DOW-UAP-D129 | DOW-UAP-D130 | DOW-UAP-D131 | DOW-UAP-D132 | DOW-UAP-D133 | DOW-UAP-D134 | DOW-UAP-D135 | DOW-UAP-D136 | DOW-UAP-D137 | DOW-UAP-D138 | DOW-UAP-D139 | DOW-UAP-D140 | DOW-UAP-D141 | DOW-UAP-D142 | DOW-UAP-D143 | DOW-UAP-D144 | DOW-UAP-D145 | DOW-UAP-D146 | DOW-UAP-D147 | DOW-UAP-D148 | DOW-UAP-D149 | DOW-UAP-D150 | DOW-UAP-D151 | DOW-UAP-D152,"This document is a Defense Intelligence Reference Document (DIRD), a technical reference format used by the Defense Intelligence Agency (DIA) to capture baseline knowledge on a specific topic for later analytic use. DIRDs are best understood as reference and synthesis products rather than as original research. It is one of 38 DIRDs produced under the Advanced Aerospace Weapon System Applications Program (AAWSAP) between 2009 and 2011. Because AAWSAP’s scope permitted a broad range of supporting topics, not every DIRD in the series directly concerns aerospace systems or future threat assessment. The following summary reflects the DIRD’s scope and framing at the time of writing and should not be read as implying current validation of the concepts discussed.

This DIRD examines how negative-energy, or “sub-vacuum,” states in quantum fields might be detected and mapped. Its practical scope is limited to the laboratory-scale measurement of minute quantum effects, though it extrapolates from those effects to consider theoretical relevance to concepts such as warp drives, wormholes, or gravitational control. By reviewing previously identified laboratory examples such as the Casimir effect and squeezed light states, the report identifies the core technical challenge as mapping their spatial and temporal structures reliably. To address this, it proposes quantum optical homodyne tomography as a method to reconstruct and quantify the vacuum fluctuations associated with these states. The document acknowledges that only microscopic, transient negative-energy effects have been realized in laboratory settings. It remains unknown whether larger or longer-lived distributions of such effects can be generated or stabilized, particularly given the experimentally unresolved constraints imposed by quantum inequalities. Overall, this DIRD functions as a measurement- and diagnostics-oriented review intended to lay experimental groundwork for a far more ambitious, highly speculative negative-energy research agenda.",,,Department of War,1/11/11,"Las Vegas, Nevada",https://www.war.gov/medialink/ufo/sept-18/release-06/assets/DOW-UAP-D153_AAWSAP-DIRD-Quantum-Tomography-of-Negative-Energy-States-in-the-Vacuum-January-11-2011.pdf,https://www.war.gov/medialink/ufo/sept-18/release-06/thumbs/DOW-UAP-D153_AAWSAP-DIRD-Quantum-Tomography-of-Negative-Energy-States-in-the-Vacuum-January-11-2011.jpg,Two 3D models depicting the Winger function of a single photon.,260918-D-D0360-1142,
,TRUE,9/18/26,"DOW-UAP-PR130, Unresolved UAP Report, Iraq, 2022",PDF,,DOW-UAP-D106,"The United States Central Command submitted a report of an unidentified anomalous phenomenon to the All-domain Anomaly Resolution Office (AARO) consisting of a still image derived from an infrared system aboard a U.S. military system in 2022. An accompanying mission report, DOW-UAP-D106, described the UAP as “flying sporadically… at various speeds between 80-180 miles per hour.”

Image Description:

This image features two areas of contrast. One appears near the center of the sensor display,
bounded by a reticle. Another appears in the lower third of the frame. The area of contrast in the lower third of the frame appears elongated and is followed by a visible trail. These features suggest motion across the focal plane from the top right to the bottom left of the sensor field-of-view. The apparent trail is consistent with known image-compression and processing effects and does not necessarily represent a physical feature.

This image description is provided for informational purposes only. Readers should not interpret any part of this description as reflecting an analytical judgment, investigative conclusion, or factual determination regarding the described event’s validity, nature, or significance.",,,Department of War,2022,Iraq,https://www.war.gov/medialink/ufo/sept-18/release-06/assets/DOW-UAP-PR130_Unresolved-UAP-Report-Iraq-2022.pdf,https://www.war.gov/medialink/ufo/sept-18/release-06/thumbs/DOW-UAP-PR130_Unresolved-UAP-Report-Iraq-2022.jpg,A still image derived from an infrared system aboard a U.S. military platform in 2022.,260918-D-D0360-1143,
,TRUE,9/18/26,"DOW-UAP-PR131, Unresolved UAP Report, Iraq, 2022",PDF,,DOW-UAP-D106,"The United States Central Command submitted a report of an unidentified anomalous phenomenon to the All-domain Anomaly Resolution Office (AARO) consisting of a still image derived from an infrared system aboard a U.S. military system in 2022. An accompanying mission report, DOW-UAP-D106, described the UAP as “flying sporadically… at various speeds between 80-180 miles per hour.”

Image Description:

This image features two areas of contrast. One appears near the center of the sensor display. Another appears in the top third of the frame. The area of contrast in the top third of the frame appears elongated and is followed by a visible trail. These features suggest motion across the focal plane from the top right to the bottom left of the sensor field-of-view. The apparent trail is consistent with known image-compression and processing effects and does not necessarily represent a physical feature.

This image description is provided for informational purposes only. Readers should not interpret any part of this description as reflecting an analytical judgment, investigative conclusion, or factual determination regarding the described event’s validity, nature, or significance.",,,Department of War,2022,Iraq,https://www.war.gov/medialink/ufo/sept-18/release-06/assets/DOW-UAP-PR131_Unresolved-UAP-Report-Iraq-2022.pdf,https://www.war.gov/medialink/ufo/sept-18/release-06/thumbs/DOW-UAP-PR131_Unresolved-UAP-Report-Iraq-2022.jpg,A still image derived from an infrared system aboard a U.S. military platform in 2022.,260918-D-D0360-1144,
,TRUE,9/18/26,"DOW-UAP-PR133, Unresolved UAP Report, Middle East, 2025",VID,,DOW-UAP-D107,"The United States Central Command submitted a report of an unidentified anomalous phenomenon to the All-domain Anomaly Resolution Office (AARO) consisting of 4 minutes and 58 seconds of video footage from an infrared sensor aboard a U.S. military platform in 2024. An accompanying mission report, DOW-UAP-D107, described the UAP as “look[ing] like a white round orbit… moving as fast as 500 miles per hour.”

Video Description:
00:00-00:04: The sensor pans to track an area of contrast, keeping it generally centered within the frame.
00:05-00:50: The sensor decreases its level of magnification and continues to track the area of contrast, keeping it generally within the center of the frame.
00:51-01:21: The sensor decreases its level of magnification and adjusts its panning speed to track the area of contrast, keeping it generally within the center of the frame.
01:22-01:41: The sensor increases its level of magnification and adjusts its panning speed to track the area of contrast, keeping it generally within the center of the frame.
01:43-2:05: A rectangular digital overlay, or “focus box,” appears near the center of the frame. This display element is a graphical component of the sensor system and does indicate a physical change in the environment. The sensor pans to track the area of contrast, keeping it generally within the center of the frame before exiting the sensor field-of-view from the bottom edge.
02:06-02:21: The sensor pans across the scene and decreases its level of magnification. The area of contrast intermittently re-appears from the left edge of the frame.
02:22-02:28: The sensor pans across the scene, reacquiring the area of contrast. After the area of contrast re-enters the scene, the sensor continues to pan to track it, keeping it generally within the center of the frame. The sensor engages briefly stops panning and the area of contrast exits on the right side once again.
02:29-02:36: The sensor activates an auto-tracking reticle, which does not establish a lock on the area of contrast. After the auto-track reticle disengages, the sensor stops panning, causing the area of contrast to exit the frame from the right edge.
02:37-3:22: The sensor pans and requires the area of contrast, keeping it within its field-of-view before it exits the bottom edge of the frame.
3:23-4:29: The sensor continues to pan then zooms out and reacquires the area of contrast, now significantly smaller in the sensor’s field of view. The sensor continuously pans to keep the area of contrast in the field of view.
4:30-4:58: The sensor zooms in, and the area of contrast transits the field-of-view, exiting the top of the frame. The sensor cycles magnification levels multiple times.

This video description is provided for informational purposes only. Readers should not interpret any part of this description as reflecting an analytical judgment, investigative conclusion, or factual determination regarding the described event’s validity, nature, or significance.",1023396,,Department of War,2025,Middle East,,,,,
,TRUE,9/18/26,"DOW-UAP-PR135, Unresolved UAP Report, Middle East, 2025",VID,,DOW-UAP-D108,"The United States Central Command submitted a report of an unidentified anomalous phenomenon to the All-domain Anomaly Resolution Office (AARO) consisting of 1 minute of video footage from an infrared sensor aboard a U.S. military platform in 2025. An accompanying mission report, DOW-UAP-D108, described the UAP as “six small spherical objects grouped together, and characterized their behavior as “seem[ingly] agile,” and “frequently changing direction.” The reporter estimated the speed of the UAP to have been 480 miles per hour.

Video Description:
00:00-00:04: No content.
00:05-00:10: Several areas of contrast transit the sensor field-of-view, entering from the top of the frame and exiting from the bottom.
00:11-00:47: The sensor pans to track the areas of contrast, keeping them generally within the center of the frame.
00:48-1:00: The sensor changes its level of magnification. No content.

This video description is provided for informational purposes only. Readers should not interpret any part of this description as reflecting an analytical judgment, investigative conclusion, or factual determination regarding the described event’s validity, nature, or significance.",1023397,,Department of War,2025,Middle East,,,,,
,TRUE,9/18/26,"DOW-UAP-PR140, Unresolved UAP Report, Middle East, 2022",VID,,DOW-UAP-D109,"The United States Central Command submitted a report of an unidentified anomalous phenomenon to the All-domain Anomaly Resolution Office (AARO) consisting of 1 minute and 47 seconds of video footage from an electro-optical and infrared sensor aboard a U.S. military platform in 2022. An accompanying mission report, DOW-UAP-D109, described the UAP as “traveling at various speeds between 80-180 miles per hour.”

Video Description:
00:00-00:05: No content.
00:06-00:08: An area of contrast transits the sensor field-of-view, entering from the top of the frame and exiting from the bottom.
00:09-00:15: No content.
00:16-00:26: The sensor pans to track the area of contrast, keeping it generally centered within the frame.
00:27-00:31: The sensor switches to electro-optical mode, and the object moves out of the sensor field-of-view from the left edge of the frame.
00:32-00:45: The sensor switches to infrared mode and pans to track the area of contrast, keeping it generally within the center of the frame.
00:46-01:10: The sensor switches to electro-optical mode and pans to track the area of contrast. 01:11-01:12: No content.
01:13-01:42: The sensor switches to infrared mode and pans to track the area of contrast.
01:43-01:47: The sensor switches to electro-optical mode and pans to track the area of contrast.

This video description is provided for informational purposes only. Readers should not interpret any part of this description as reflecting an analytical judgment, investigative conclusion, or factual determination regarding the described event’s validity, nature, or significance.",1023398,,Department of War,,,,,,,
,TRUE,9/18/26,"DOW-UAP-PR141, Unresolved UAP Report, Middle East, 2022",VID,,DOW-UAP-D109,"The United States Central Command submitted a report of an unidentified anomalous phenomenon to the All-domain Anomaly Resolution Office (AARO) consisting of 2 minutes and 36 seconds of video footage from an electro-optical (right) and infrared (left) sensor aboard a
U.S. military platform in 2022. An accompanying mission report, DOW-UAP-D109, described the UAP as “traveling at various speeds between 80-180 miles per hour.”

Video Description:
00:00-00:12: An area of contract enters the sensor field-of-view from the lower right of the frame. The sensor pans to track the area of contrast, keeping it generally within the center of the frame.
00:13-00:14: The sensor switches modes to display an infrared (left) and electro-optical (right) feed.
00:15-00:18: The object enters the frame from the lower right, transiting the sensor field-of-view and exiting from the upper left.
00:19-00:20: The sensor switches to infrared mode, panning to track an area of contrast.
00:21-00:27: The sensor switches modes to display an infrared (left) and electro-optical (right) feed.
00:28-00:52: The sensor switches to infrared mode, panning to track an area of contrast. 00:52-00:57: A second area of contrast briefly enters the sensor field-of-view.
00:58-01:16: The sensor pans to track an area of contrast.
01:17-01:21: The sensor switches modes to display an infrared (left) and electro-optical (right) feed. The sensor pans to track the object. The object leaves the sensor field-of-view from the left edge of the frame.
01:22-01:27: No content.
01:28-01:31: The sensor switches to infrared mode. No content.
01:32-02:36: The area of contrast enters the sensor field-of-view from the lower left of the frame. The sensor pans to track the area of contrast, intermittently losing contact with it.

This video description is provided for informational purposes only. Readers should not interpret any part of this description as reflecting an analytical judgment, investigative conclusion, or factual determination regarding the described event’s validity, nature, or significance.",1023400,,Department of War,2022,Middle East,,,,,
,TRUE,9/18/26,"DOW-UAP-PR143, Unresolved UAP Report, Yellow Sea, 2023",VID,,,"The United States Indo-Pacific Command submitted a report of an unidentified anomalous phenomenon to the All-domain Anomaly Resolution Office (AARO) consisting of 19 seconds of video footage from an infrared sensor aboard a U.S. military platform in 2023.

Video Description:
00:00-00:19: The sensor pans to track an area of contrast, keeping it generally within the center of the frame.

This video description is provided for informational purposes only. Readers should not interpret any part of this description as reflecting an analytical judgment, investigative conclusion, or factual determination regarding the described event’s validity, nature, or significance.",1023403,,Department of War,2023,Yellow Sea,,,,,
,TRUE,9/18/26,"DOW-UAP-PR144, Unresolved UAP Report, Yellow Sea, 2023",VID,,,"The United States Indo-Pacific Command submitted a report of an unidentified anomalous phenomenon to the All-domain Anomaly Resolution Office (AARO) consisting of 27 seconds of video footage from an infrared sensor aboard a U.S. military platform in 2023.

Video Description:
00:00-00:02: An area of contrast is visible above and to the left of the center of the frame.
00:03-00:27: The sensor increases its level of magnification and pans to track the area of contrast, keeping it generally within the center of the frame.

This video description is provided for informational purposes only. Readers should not interpret any part of this description as reflecting an analytical judgment, investigative conclusion, or factual determination regarding the described event’s validity, nature, or significance.",1023404,,Department of War,2023,Yellow Sea,,,,,
,TRUE,9/18/26,"DOW-UAP-PR148, Unresolved UAP Report, East China Sea, 2023",VID,,,"The United States Indo-Pacific Command submitted a report of an unidentified anomalous phenomenon to the All-domain Anomaly Resolution Office (AARO) consisting of 59 seconds of video footage from an infrared sensor aboard a U.S. military platform in 2023.

Video Description:
00:00-00:03: No content.
00:04-00:46: The sensor pans to track an area of contrast, keeping it generally within the center of the frame.
00:47-00:59: The sensor increases its level of magnification while panning to track the area of contrast.

This video description is provided for informational purposes only. Readers should not interpret any part of this description as reflecting an analytical judgment, investigative conclusion, or factual determination regarding the described event’s validity, nature, or significance.",1023405,,Department of War,2023,East China Sea,,,,,
,TRUE,9/18/26,"DOW-UAP-PR150, Unresolved UAP Report, Yellow Sea, 2023",VID,,,"The United States Indo-Pacific Command submitted a report of an unidentified anomalous phenomenon to the All-domain Anomaly Resolution Office (AARO) consisting of 57 seconds of video footage from an infrared sensor aboard a U.S. military platform in 2023.

Video Description:
00:00-00:05: No content.
00:06-00:07: An area of contrast enters the sensor field-of view from the bottom edge.
00:08-00:51: A rectangular digital overlay, or “focus box,” appears near the center of the frame. This display element is a graphical component of the sensor system and does indicate a physical change in the environment. The sensor pans to track the area of contrast.
00:52-00:57: The collection platform geometry occludes the sensor, blurring the display and blocking the right side of the screen.

This video description is provided for informational purposes only. Readers should not interpret any part of this description as reflecting an analytical judgment, investigative conclusion, or factual determination regarding the described event’s validity, nature, or significance.",1023406,,Department of War,2023,Yellow Sea,,,,,
,TRUE,9/18/26,"DOW-UAP-PR151, Unresolved UAP Report, Yellow Sea, 2023",VID,,,"The United States Indo-Pacific Command submitted a report of an unidentified anomalous phenomenon to the All-domain Anomaly Resolution Office (AARO) consisting of 49 seconds of video footage from an infrared sensor aboard a U.S. military platform in 2023.

Video Description:
00:00-00:15: The sensor pans to track an area of contrast.
00:16-00:18: The sensor increases its level of magnification and pans to track the area of contrast.
00:19-00:49: The sensor pans to track an area of contrast, keeping it generally within the center of the frame.

This video description is provided for informational purposes only. Readers should not interpret any part of this description as reflecting an analytical judgment, investigative conclusion, or factual determination regarding the described event’s validity, nature, or significance.",1023408,,Department of War,2023,Yellow Sea,,,,,
,TRUE,9/18/26,"DOW-UAP-PR152, Unresolved UAP Report, Yellow Sea, 2023",VID,,,"The United States Indo-Pacific Command submitted a report of an unidentified anomalous phenomenon to the All-domain Anomaly Resolution Office (AARO) consisting of 1 minute and 38 seconds of video footage from an infrared sensor aboard a U.S. military platform in 2023.

Video Description:
00:00-01:38: The sensor pans to track an area of contrast, keeping it generally within the center of the frame.

This video description is provided for informational purposes only. Readers should not interpret any part of this description as reflecting an analytical judgment, investigative conclusion, or factual determination regarding the described event’s validity, nature, or significance.",1023410,,Department of War,2023,Yellow Sea,,,,,
,TRUE,9/18/26,"LLE-UAP-D001, Transcript of an Unresolved UAP Report, Colorado, October 2023",PDF,LLE-UAP-PR004,,"This document is a transcript from a UAP sighting by local law enforcement in Colorado.  The law enforcement officer narrates what is seen as the UAP is recorded on video.  To protect the identity of the source, as well as law enforcement activities, the transcript has been edited to remove potentially identifying information. ",,,Local Law Enforcement,"October, 2023",Colorado,https://www.war.gov/medialink/ufo/sept-18/release-06/assets/LLE-UAP-D001_Transcript-of-an-Unresolved-UAP-Report-Colorado-October-2023.pdf,https://www.war.gov/medialink/ufo/sept-18/release-06/thumbs/LLE-UAP-D001_Transcript-of-an-Unresolved-UAP-Report-Colorado-October-2023.jpg,Transcript Document,260918-D-D0360-1146,
,TRUE,9/18/26,"LLE-UAP-PR003, Unresolved UAP Report, Colorado, October 2023",VID,,,"A local law enforcement officer submitted a report of an unidentified anomalous phenomenon to the All-domain Anomaly Resolution Office consisting of 27 seconds of video footage from a commercially available cellular device’s rear-facing camera in October 2023. The reporting officer described the phenomenon as “silent” and as featuring “red, blue, and green flashing lights.” 

Video Description: In the first 2 seconds of this video, AARO digitally altered this footage by blurring the bottom half to obscure information whose release could be reasonably expected to affect the privacy or other protected interest of a U.S. person or commercial entity. 

00:00-00:27: The camera increases its level of magnification and focuses on an apparent light source for the duration of the video, keeping it generally centered and within the top third of the frame. 

AARO Comment: Cellular devices of the type used to capture this footage employ autofocus and other automated image-processing functions that may distort the apparent morphological and kinematic characteristics of distant subjects, particularly at high magnification. ",1023414,,Local Law Enforcement,"October, 2023",Colorado,,,,,
,TRUE,9/18/26,"LLE-UAP-PR004, Unresolved UAP Report, Colorado, October 2023",VID,,LLE-UAP-D001,"A local law enforcement officer submitted a report of an unidentified anomalous phenomenon to the All-domain Anomaly Resolution Office consisting of 1 minute and 42 seconds of video footage from a commercially available cellular device’s rear-facing camera in January 2024. The reporting officer described the phenomenon as “silent” and as featuring “red, blue, and green flashing lights.” 

Video Description: In the first 2 seconds of this video, AARO digitally altered this footage by blurring the bottom half to obscure information whose release could be reasonably expected to affect the privacy or other protected interest of a U.S. person or commercial entity. 

00:00-00:35: The camera focuses on an apparent light source, keeping it generally within the center of the frame. 

00:36-01:04: An approaching vehicle influences the camera’s automatic image-processing filters, including autofocus. The camera remains focused on the apparent light source. 

01:05-1:27: The camera remains focused on the apparent light source. 

01:28-01:37: An approaching vehicle influences the camera’s automatic image-processing filters, including autofocus. The camera remains focused on the apparent light source. 

01:38-01:42: The camera pans down. 

AARO Comment: Cellular devices of the type used to capture this footage employ autofocus and other automated image-processing functions that may distort the apparent morphological and kinematic characteristics of distant subjects, particularly at high magnification.  ",1023416,,Local Law Enforcement,"October, 2023",Colorado,,,,,
